{"1": {"precision": 0.0, "recall": 0.0, "f1-score": 0.0, "support": 1.0}, "2": {"precision": 0.14285714285714285, "recall": 0.125, "f1-score": 0.13333333333333333, "support": 8.0}, "3": {"precision": 0.0, "recall": 0.0, "f1-score": 0.0, "support": 22.0}, "4": {"precision": 0.08333333333333333, "recall": 0.05263157894736842, "f1-score": 0.06451612903225806, "support": 19.0}, "5": {"precision": 0.0625, "recall": 0.030303030303030304, "f1-score": 0.04081632653061224, "support": 33.0}, "6": {"precision": 0.0, "recall": 0.0, "f1-score": 0.0, "support": 30.0}, "7": {"precision": 0.043478260869565216, "recall": 0.04081632653061224, "f1-score": 0.042105263157894736, "support": 49.0}, "8": {"precision": 0.04, "recall": 0.03773584905660377, "f1-score": 0.038834951456310676, "support": 53.0}, "9": {"precision": 0.1411764705882353, "recall": 0.16216216216216217, "f1-score": 0.1509433962264151, "support": 74.0}, "10": {"precision": 0.1411764705882353, "recall": 0.13186813186813187, "f1-score": 0.13636363636363635, "support": 91.0}, "11": {"precision": 0.06315789473684211, "recall": 0.07317073170731707, "f1-score": 0.06779661016949153, "support": 82.0}, "12": {"precision": 0.030612244897959183, "recall": 0.03896103896103896, "f1-score": 0.03428571428571429, "support": 77.0}, "13": {"precision": 0.07692307692307693, "recall": 0.07216494845360824, "f1-score": 0.07446808510638298, "support": 97.0}, "14": {"precision": 0.08080808080808081, "recall": 0.07547169811320754, "f1-score": 0.07804878048780488, "support": 106.0}, "15": {"precision": 0.1, "recall": 0.09345794392523364, "f1-score": 0.0966183574879227, "support": 107.0}, "16": {"precision": 0.0410958904109589, "recall": 0.043478260869565216, "f1-score": 0.04225352112676056, "support": 69.0}, "17": {"precision": 0.050505050505050504, "recall": 0.060240963855421686, "f1-score": 0.054945054945054944, "support": 83.0}, "18": {"precision": 0.058823529411764705, "recall": 0.056338028169014086, "f1-score": 0.05755395683453238, "support": 71.0}, "19": {"precision": 0.05263157894736842, "recall": 0.047619047619047616, "f1-score": 0.05, "support": 63.0}, "20": {"precision": 0.041666666666666664, "recall": 0.05, "f1-score": 0.045454545454545456, "support": 40.0}, "21": {"precision": 0.0, "recall": 0.0, "f1-score": 0.0, "support": 38.0}, "22": {"precision": 0.03333333333333333, "recall": 0.045454545454545456, "f1-score": 0.038461538461538464, "support": 22.0}, "23": {"precision": 0.0, "recall": 0.0, "f1-score": 0.0, "support": 20.0}, "24": {"precision": 0.0, "recall": 0.0, "f1-score": 0.0, "support": 16.0}, "25": {"precision": 0.0, "recall": 0.0, "f1-score": 0.0, "support": 7.0}, "26": {"precision": 0.0, "recall": 0.0, "f1-score": 0.0, "support": 2.0}, "27": {"precision": 0.0, "recall": 0.0, "f1-score": 0.0, "support": 0.0}, "accuracy": 0.06484375, "macro avg": {"precision": 0.04755848240287457, "recall": 0.0458101587405892, "f1-score": 0.04617774816519291, "support": 1280.0}, "weighted avg": {"precision": 0.06524712800844672, "recall": 0.06484375, "f1-score": 0.06464873815270525, "support": 1280.0}}