{"0": {"precision": 0.0, "recall": 0.0, "f1-score": 0.0, "support": 2.0}, "1": {"precision": 0.0, "recall": 0.0, "f1-score": 0.0, "support": 0.0}, "2": {"precision": 0.06060606060606061, "recall": 0.2857142857142857, "f1-score": 0.1, "support": 7.0}, "3": {"precision": 0.0, "recall": 0.0, "f1-score": 0.0, "support": 10.0}, "4": {"precision": 0.0, "recall": 0.0, "f1-score": 0.0, "support": 12.0}, "5": {"precision": 0.0, "recall": 0.0, "f1-score": 0.0, "support": 27.0}, "6": {"precision": 0.0, "recall": 0.0, "f1-score": 0.0, "support": 30.0}, "7": {"precision": 0.08928571428571429, "recall": 0.09615384615384616, "f1-score": 0.09259259259259259, "support": 52.0}, "8": {"precision": 0.05714285714285714, "recall": 0.02857142857142857, "f1-score": 0.0380952380952381, "support": 70.0}, "9": {"precision": 0.046875, "recall": 0.043478260869565216, "f1-score": 0.045112781954887216, "support": 69.0}, "10": {"precision": 0.05194805194805195, "recall": 0.043478260869565216, "f1-score": 0.047337278106508875, "support": 92.0}, "11": {"precision": 0.07407407407407407, "recall": 0.04819277108433735, "f1-score": 0.058394160583941604, "support": 83.0}, "12": {"precision": 0.07142857142857142, "recall": 0.07954545454545454, "f1-score": 0.07526881720430108, "support": 88.0}, "13": {"precision": 0.08045977011494253, "recall": 0.06542056074766354, "f1-score": 0.07216494845360824, "support": 107.0}, "14": {"precision": 0.0707070707070707, "recall": 0.07526881720430108, "f1-score": 0.07291666666666667, "support": 93.0}, "15": {"precision": 0.0603448275862069, "recall": 0.1590909090909091, "f1-score": 0.0875, "support": 88.0}, "16": {"precision": 0.0625, "recall": 0.039603960396039604, "f1-score": 0.048484848484848485, "support": 101.0}, "17": {"precision": 0.06796116504854369, "recall": 0.09333333333333334, "f1-score": 0.07865168539325842, "support": 75.0}, "18": {"precision": 0.11538461538461539, "recall": 0.08333333333333333, "f1-score": 0.0967741935483871, "support": 72.0}, "19": {"precision": 0.0975609756097561, "recall": 0.07272727272727272, "f1-score": 0.08333333333333333, "support": 55.0}, "20": {"precision": 0.0625, "recall": 0.06, "f1-score": 0.061224489795918366, "support": 50.0}, "21": {"precision": 0.058823529411764705, "recall": 0.03125, "f1-score": 0.04081632653061224, "support": 32.0}, "22": {"precision": 0.07692307692307693, "recall": 0.07692307692307693, "f1-score": 0.07692307692307693, "support": 26.0}, "23": {"precision": 0.0, "recall": 0.0, "f1-score": 0.0, "support": 15.0}, "24": {"precision": 0.0, "recall": 0.0, "f1-score": 0.0, "support": 14.0}, "25": {"precision": 0.14285714285714285, "recall": 0.1111111111111111, "f1-score": 0.125, "support": 9.0}, "26": {"precision": 0.0, "recall": 0.0, "f1-score": 0.0, "support": 1.0}, "accuracy": 0.06484375, "macro avg": {"precision": 0.04990305567142404, "recall": 0.05530358083983421, "f1-score": 0.04817001620989553, "support": 1280.0}, "weighted avg": {"precision": 0.06514535637311394, "recall": 0.06484375, "f1-score": 0.06184518129547347, "support": 1280.0}}