{"0": {"precision": 0.0, "recall": 0.0, "f1-score": 0.0, "support": 3.0}, "1": {"precision": 0.0, "recall": 0.0, "f1-score": 0.0, "support": 3.0}, "2": {"precision": 0.0, "recall": 0.0, "f1-score": 0.0, "support": 5.0}, "3": {"precision": 0.0, "recall": 0.0, "f1-score": 0.0, "support": 8.0}, "4": {"precision": 0.0, "recall": 0.0, "f1-score": 0.0, "support": 16.0}, "5": {"precision": 0.09523809523809523, "recall": 0.06451612903225806, "f1-score": 0.07692307692307693, "support": 31.0}, "6": {"precision": 0.029411764705882353, "recall": 0.024390243902439025, "f1-score": 0.02666666666666667, "support": 41.0}, "7": {"precision": 0.13725490196078433, "recall": 0.11475409836065574, "f1-score": 0.125, "support": 61.0}, "8": {"precision": 0.05, "recall": 0.041666666666666664, "f1-score": 0.045454545454545456, "support": 48.0}, "9": {"precision": 0.08695652173913043, "recall": 0.10526315789473684, "f1-score": 0.09523809523809523, "support": 76.0}, "10": {"precision": 0.13333333333333333, "recall": 0.10869565217391304, "f1-score": 0.11976047904191617, "support": 92.0}, "11": {"precision": 0.078125, "recall": 0.058823529411764705, "f1-score": 0.06711409395973154, "support": 85.0}, "12": {"precision": 0.11926605504587157, "recall": 0.13131313131313133, "f1-score": 0.125, "support": 99.0}, "13": {"precision": 0.07142857142857142, "recall": 0.0851063829787234, "f1-score": 0.07766990291262135, "support": 94.0}, "14": {"precision": 0.16, "recall": 0.17391304347826086, "f1-score": 0.16666666666666666, "support": 92.0}, "15": {"precision": 0.10843373493975904, "recall": 0.09473684210526316, "f1-score": 0.10112359550561797, "support": 95.0}, "16": {"precision": 0.06741573033707865, "recall": 0.0759493670886076, "f1-score": 0.07142857142857142, "support": 79.0}, "17": {"precision": 0.05333333333333334, "recall": 0.05333333333333334, "f1-score": 0.05333333333333334, "support": 75.0}, "18": {"precision": 0.06329113924050633, "recall": 0.06756756756756757, "f1-score": 0.06535947712418301, "support": 74.0}, "19": {"precision": 0.08064516129032258, "recall": 0.078125, "f1-score": 0.07936507936507936, "support": 64.0}, "20": {"precision": 0.06382978723404255, "recall": 0.07894736842105263, "f1-score": 0.07058823529411765, "support": 38.0}, "21": {"precision": 0.0, "recall": 0.0, "f1-score": 0.0, "support": 40.0}, "22": {"precision": 0.0, "recall": 0.0, "f1-score": 0.0, "support": 24.0}, "23": {"precision": 0.0625, "recall": 0.058823529411764705, "f1-score": 0.06060606060606061, "support": 17.0}, "24": {"precision": 0.0, "recall": 0.0, "f1-score": 0.0, "support": 9.0}, "25": {"precision": 0.0, "recall": 0.0, "f1-score": 0.0, "support": 8.0}, "26": {"precision": 0.0, "recall": 0.0, "f1-score": 0.0, "support": 2.0}, "27": {"precision": 0.0, "recall": 0.0, "f1-score": 0.0, "support": 1.0}, "accuracy": 0.08203125, "macro avg": {"precision": 0.05215939749381111, "recall": 0.050568751540719235, "f1-score": 0.05097492426858156, "support": 1280.0}, "weighted avg": {"precision": 0.08331901473810593, "recall": 0.08203125, "f1-score": 0.08213519490417212, "support": 1280.0}}