{"0": {"precision": 0.0, "recall": 0.0, "f1-score": 0.0, "support": 2.0}, "1": {"precision": 0.0, "recall": 0.0, "f1-score": 0.0, "support": 1.0}, "2": {"precision": 0.09090909090909091, "recall": 0.16666666666666666, "f1-score": 0.11764705882352941, "support": 6.0}, "3": {"precision": 0.0, "recall": 0.0, "f1-score": 0.0, "support": 7.0}, "4": {"precision": 0.0, "recall": 0.0, "f1-score": 0.0, "support": 12.0}, "5": {"precision": 0.07142857142857142, "recall": 0.07142857142857142, "f1-score": 0.07142857142857142, "support": 28.0}, "6": {"precision": 0.030303030303030304, "recall": 0.03225806451612903, "f1-score": 0.03125, "support": 31.0}, "7": {"precision": 0.07017543859649122, "recall": 0.07017543859649122, "f1-score": 0.07017543859649122, "support": 57.0}, "8": {"precision": 0.08888888888888889, "recall": 0.07142857142857142, "f1-score": 0.07920792079207921, "support": 56.0}, "9": {"precision": 0.0945945945945946, "recall": 0.0875, "f1-score": 0.09090909090909091, "support": 80.0}, "10": {"precision": 0.08860759493670886, "recall": 0.07526881720430108, "f1-score": 0.08139534883720931, "support": 93.0}, "11": {"precision": 0.07936507936507936, "recall": 0.05263157894736842, "f1-score": 0.06329113924050633, "support": 95.0}, "12": {"precision": 0.036585365853658534, "recall": 0.03529411764705882, "f1-score": 0.03592814371257485, "support": 85.0}, "13": {"precision": 0.05, "recall": 0.058823529411764705, "f1-score": 0.05405405405405406, "support": 102.0}, "14": {"precision": 0.0963855421686747, "recall": 0.08791208791208792, "f1-score": 0.09195402298850575, "support": 91.0}, "15": {"precision": 0.045454545454545456, "recall": 0.047058823529411764, "f1-score": 0.046242774566473986, "support": 85.0}, "16": {"precision": 0.07920792079207921, "recall": 0.0963855421686747, "f1-score": 0.08695652173913043, "support": 83.0}, "17": {"precision": 0.07317073170731707, "recall": 0.07894736842105263, "f1-score": 0.0759493670886076, "support": 76.0}, "18": {"precision": 0.05747126436781609, "recall": 0.08196721311475409, "f1-score": 0.06756756756756757, "support": 61.0}, "19": {"precision": 0.11594202898550725, "recall": 0.10810810810810811, "f1-score": 0.11188811188811189, "support": 74.0}, "20": {"precision": 0.0, "recall": 0.0, "f1-score": 0.0, "support": 45.0}, "21": {"precision": 0.0625, "recall": 0.047619047619047616, "f1-score": 0.05405405405405406, "support": 42.0}, "22": {"precision": 0.07692307692307693, "recall": 0.08, "f1-score": 0.0784313725490196, "support": 25.0}, "23": {"precision": 0.058823529411764705, "recall": 0.047619047619047616, "f1-score": 0.05263157894736842, "support": 21.0}, "24": {"precision": 0.25, "recall": 0.2857142857142857, "f1-score": 0.26666666666666666, "support": 7.0}, "25": {"precision": 0.0, "recall": 0.0, "f1-score": 0.0, "support": 9.0}, "26": {"precision": 0.0, "recall": 0.0, "f1-score": 0.0, "support": 4.0}, "27": {"precision": 0.0, "recall": 0.0, "f1-score": 0.0, "support": 2.0}, "accuracy": 0.0671875, "macro avg": {"precision": 0.05774058195310341, "recall": 0.06010024571619261, "f1-score": 0.05812960015891474, "support": 1280.0}, "weighted avg": {"precision": 0.06906946941025313, "recall": 0.0671875, "f1-score": 0.06751965314992282, "support": 1280.0}}