{"1": {"precision": 0.0, "recall": 0.0, "f1-score": 0.0, "support": 5.0}, "2": {"precision": 0.0, "recall": 0.0, "f1-score": 0.0, "support": 10.0}, "3": {"precision": 0.07692307692307693, "recall": 0.08333333333333333, "f1-score": 0.08, "support": 12.0}, "4": {"precision": 0.0, "recall": 0.0, "f1-score": 0.0, "support": 17.0}, "5": {"precision": 0.0, "recall": 0.0, "f1-score": 0.0, "support": 18.0}, "6": {"precision": 0.0, "recall": 0.0, "f1-score": 0.0, "support": 38.0}, "7": {"precision": 0.14705882352941177, "recall": 0.08928571428571429, "f1-score": 0.1111111111111111, "support": 56.0}, "8": {"precision": 0.047619047619047616, "recall": 0.028985507246376812, "f1-score": 0.036036036036036036, "support": 69.0}, "9": {"precision": 0.07692307692307693, "recall": 0.07462686567164178, "f1-score": 0.07575757575757576, "support": 67.0}, "10": {"precision": 0.04411764705882353, "recall": 0.04054054054054054, "f1-score": 0.04225352112676056, "support": 74.0}, "11": {"precision": 0.0625, "recall": 0.10126582278481013, "f1-score": 0.07729468599033816, "support": 79.0}, "12": {"precision": 0.08860759493670886, "recall": 0.07291666666666667, "f1-score": 0.08, "support": 96.0}, "13": {"precision": 0.10784313725490197, "recall": 0.11578947368421053, "f1-score": 0.1116751269035533, "support": 95.0}, "14": {"precision": 0.10112359550561797, "recall": 0.10227272727272728, "f1-score": 0.1016949152542373, "support": 88.0}, "15": {"precision": 0.09090909090909091, "recall": 0.18947368421052632, "f1-score": 0.12286689419795221, "support": 95.0}, "16": {"precision": 0.06329113924050633, "recall": 0.058823529411764705, "f1-score": 0.06097560975609756, "support": 85.0}, "17": {"precision": 0.0684931506849315, "recall": 0.07692307692307693, "f1-score": 0.07246376811594203, "support": 65.0}, "18": {"precision": 0.05263157894736842, "recall": 0.04285714285714286, "f1-score": 0.047244094488188976, "support": 70.0}, "19": {"precision": 0.06779661016949153, "recall": 0.07017543859649122, "f1-score": 0.06896551724137931, "support": 57.0}, "20": {"precision": 0.03225806451612903, "recall": 0.01818181818181818, "f1-score": 0.023255813953488372, "support": 55.0}, "21": {"precision": 0.10526315789473684, "recall": 0.09090909090909091, "f1-score": 0.0975609756097561, "support": 44.0}, "22": {"precision": 0.041666666666666664, "recall": 0.034482758620689655, "f1-score": 0.03773584905660377, "support": 29.0}, "23": {"precision": 0.1, "recall": 0.058823529411764705, "f1-score": 0.07407407407407407, "support": 17.0}, "24": {"precision": 0.06666666666666667, "recall": 0.045454545454545456, "f1-score": 0.05405405405405406, "support": 22.0}, "25": {"precision": 0.0, "recall": 0.0, "f1-score": 0.0, "support": 13.0}, "26": {"precision": 0.0, "recall": 0.0, "f1-score": 0.0, "support": 2.0}, "27": {"precision": 0.0, "recall": 0.0, "f1-score": 0.0, "support": 2.0}, "accuracy": 0.0734375, "macro avg": {"precision": 0.05339600464615754, "recall": 0.05167115800233083, "f1-score": 0.0509266526935981, "support": 1280.0}, "weighted avg": {"precision": 0.07050624686588362, "recall": 0.0734375, "f1-score": 0.06963584781812239, "support": 1280.0}}