{"0": {"precision": 0.0, "recall": 0.0, "f1-score": 0.0, "support": 2.0}, "1": {"precision": 0.0, "recall": 0.0, "f1-score": 0.0, "support": 3.0}, "2": {"precision": 0.0, "recall": 0.0, "f1-score": 0.0, "support": 9.0}, "3": {"precision": 0.0, "recall": 0.0, "f1-score": 0.0, "support": 16.0}, "4": {"precision": 0.0, "recall": 0.0, "f1-score": 0.0, "support": 20.0}, "5": {"precision": 0.0, "recall": 0.0, "f1-score": 0.0, "support": 35.0}, "6": {"precision": 0.1111111111111111, "recall": 0.05405405405405406, "f1-score": 0.07272727272727272, "support": 37.0}, "7": {"precision": 0.05714285714285714, "recall": 0.10810810810810811, "f1-score": 0.07476635514018691, "support": 37.0}, "8": {"precision": 0.07017543859649122, "recall": 0.06557377049180328, "f1-score": 0.06779661016949153, "support": 61.0}, "9": {"precision": 0.09090909090909091, "recall": 0.04838709677419355, "f1-score": 0.06315789473684211, "support": 62.0}, "10": {"precision": 0.08974358974358974, "recall": 0.08139534883720931, "f1-score": 0.08536585365853659, "support": 86.0}, "11": {"precision": 0.12987012987012986, "recall": 0.10752688172043011, "f1-score": 0.11764705882352941, "support": 93.0}, "12": {"precision": 0.08695652173913043, "recall": 0.11538461538461539, "f1-score": 0.09917355371900827, "support": 104.0}, "13": {"precision": 0.05454545454545454, "recall": 0.0297029702970297, "f1-score": 0.038461538461538464, "support": 101.0}, "14": {"precision": 0.0990990990990991, "recall": 0.1134020618556701, "f1-score": 0.10576923076923077, "support": 97.0}, "15": {"precision": 0.07, "recall": 0.15730337078651685, "f1-score": 0.09688581314878893, "support": 89.0}, "16": {"precision": 0.04054054054054054, "recall": 0.04477611940298507, "f1-score": 0.0425531914893617, "support": 67.0}, "17": {"precision": 0.05102040816326531, "recall": 0.05813953488372093, "f1-score": 0.05434782608695652, "support": 86.0}, "18": {"precision": 0.10810810810810811, "recall": 0.05714285714285714, "f1-score": 0.07476635514018691, "support": 70.0}, "19": {"precision": 0.03076923076923077, "recall": 0.046511627906976744, "f1-score": 0.037037037037037035, "support": 43.0}, "20": {"precision": 0.10638297872340426, "recall": 0.09259259259259259, "f1-score": 0.09900990099009901, "support": 54.0}, "21": {"precision": 0.08333333333333333, "recall": 0.05, "f1-score": 0.0625, "support": 40.0}, "22": {"precision": 0.0, "recall": 0.0, "f1-score": 0.0, "support": 22.0}, "23": {"precision": 0.058823529411764705, "recall": 0.05263157894736842, "f1-score": 0.05555555555555555, "support": 19.0}, "24": {"precision": 0.125, "recall": 0.1, "f1-score": 0.1111111111111111, "support": 10.0}, "25": {"precision": 0.0, "recall": 0.0, "f1-score": 0.0, "support": 9.0}, "26": {"precision": 0.0, "recall": 0.0, "f1-score": 0.0, "support": 6.0}, "27": {"precision": 0.0, "recall": 0.0, "f1-score": 0.0, "support": 2.0}, "accuracy": 0.07265625, "macro avg": {"precision": 0.05226897935023574, "recall": 0.04937973532807612, "f1-score": 0.04852257709874048, "support": 1280.0}, "weighted avg": {"precision": 0.07326077488024416, "recall": 0.07265625, "f1-score": 0.0697162657674958, "support": 1280.0}}