{"0": {"precision": 0.0, "recall": 0.0, "f1-score": 0.0, "support": 1.0}, "1": {"precision": 0.0, "recall": 0.0, "f1-score": 0.0, "support": 2.0}, "2": {"precision": 0.16666666666666666, "recall": 0.09090909090909091, "f1-score": 0.11764705882352941, "support": 11.0}, "3": {"precision": 0.0, "recall": 0.0, "f1-score": 0.0, "support": 11.0}, "4": {"precision": 0.0, "recall": 0.0, "f1-score": 0.0, "support": 20.0}, "5": {"precision": 0.043478260869565216, "recall": 0.03225806451612903, "f1-score": 0.037037037037037035, "support": 31.0}, "6": {"precision": 0.0, "recall": 0.0, "f1-score": 0.0, "support": 28.0}, "7": {"precision": 0.09090909090909091, "recall": 0.10869565217391304, "f1-score": 0.09900990099009901, "support": 46.0}, "8": {"precision": 0.056338028169014086, "recall": 0.06451612903225806, "f1-score": 0.06015037593984962, "support": 62.0}, "9": {"precision": 0.08695652173913043, "recall": 0.08695652173913043, "f1-score": 0.08695652173913043, "support": 69.0}, "10": {"precision": 0.043478260869565216, "recall": 0.036585365853658534, "f1-score": 0.039735099337748346, "support": 82.0}, "11": {"precision": 0.08064516129032258, "recall": 0.0641025641025641, "f1-score": 0.07142857142857142, "support": 78.0}, "12": {"precision": 0.1375, "recall": 0.1134020618556701, "f1-score": 0.12429378531073447, "support": 97.0}, "13": {"precision": 0.06666666666666667, "recall": 0.0707070707070707, "f1-score": 0.06862745098039216, "support": 99.0}, "14": {"precision": 0.061224489795918366, "recall": 0.06818181818181818, "f1-score": 0.06451612903225806, "support": 88.0}, "15": {"precision": 0.13291139240506328, "recall": 0.19811320754716982, "f1-score": 0.1590909090909091, "support": 106.0}, "16": {"precision": 0.08450704225352113, "recall": 0.07692307692307693, "f1-score": 0.08053691275167785, "support": 78.0}, "17": {"precision": 0.13861386138613863, "recall": 0.14736842105263157, "f1-score": 0.14285714285714285, "support": 95.0}, "18": {"precision": 0.029411764705882353, "recall": 0.0392156862745098, "f1-score": 0.03361344537815126, "support": 51.0}, "19": {"precision": 0.05263157894736842, "recall": 0.05172413793103448, "f1-score": 0.05217391304347826, "support": 58.0}, "20": {"precision": 0.10256410256410256, "recall": 0.07142857142857142, "f1-score": 0.08421052631578947, "support": 56.0}, "21": {"precision": 0.05714285714285714, "recall": 0.05, "f1-score": 0.05333333333333334, "support": 40.0}, "22": {"precision": 0.05, "recall": 0.03571428571428571, "f1-score": 0.041666666666666664, "support": 28.0}, "23": {"precision": 0.125, "recall": 0.0625, "f1-score": 0.08333333333333333, "support": 16.0}, "24": {"precision": 0.0, "recall": 0.0, "f1-score": 0.0, "support": 14.0}, "25": {"precision": 0.0, "recall": 0.0, "f1-score": 0.0, "support": 7.0}, "26": {"precision": 0.0, "recall": 0.0, "f1-score": 0.0, "support": 5.0}, "27": {"precision": 0.0, "recall": 0.0, "f1-score": 0.0, "support": 1.0}, "accuracy": 0.08046875, "macro avg": {"precision": 0.05738020522788834, "recall": 0.05247506164080652, "f1-score": 0.05357921833535114, "support": 1280.0}, "weighted avg": {"precision": 0.0795837029322056, "recall": 0.08046875, "f1-score": 0.07882048832086383, "support": 1280.0}}