{"0": {"precision": 0.0, "recall": 0.0, "f1-score": 0.0, "support": 0.0}, "1": {"precision": 0.0, "recall": 0.0, "f1-score": 0.0, "support": 3.0}, "2": {"precision": 0.1, "recall": 0.08333333333333333, "f1-score": 0.09090909090909091, "support": 12.0}, "3": {"precision": 0.07142857142857142, "recall": 0.1, "f1-score": 0.08333333333333333, "support": 10.0}, "4": {"precision": 0.0, "recall": 0.0, "f1-score": 0.0, "support": 12.0}, "5": {"precision": 0.1, "recall": 0.21428571428571427, "f1-score": 0.13636363636363635, "support": 14.0}, "6": {"precision": 0.06060606060606061, "recall": 0.07407407407407407, "f1-score": 0.06666666666666667, "support": 27.0}, "7": {"precision": 0.10869565217391304, "recall": 0.10416666666666667, "f1-score": 0.10638297872340426, "support": 48.0}, "8": {"precision": 0.09302325581395349, "recall": 0.06060606060606061, "f1-score": 0.07339449541284404, "support": 66.0}, "9": {"precision": 0.05813953488372093, "recall": 0.05952380952380952, "f1-score": 0.058823529411764705, "support": 84.0}, "10": {"precision": 0.02631578947368421, "recall": 0.024390243902439025, "f1-score": 0.02531645569620253, "support": 82.0}, "11": {"precision": 0.10126582278481013, "recall": 0.0851063829787234, "f1-score": 0.09248554913294797, "support": 94.0}, "12": {"precision": 0.031746031746031744, "recall": 0.024691358024691357, "f1-score": 0.027777777777777776, "support": 81.0}, "13": {"precision": 0.10784313725490197, "recall": 0.11956521739130435, "f1-score": 0.1134020618556701, "support": 92.0}, "14": {"precision": 0.0707070707070707, "recall": 0.08433734939759036, "f1-score": 0.07692307692307693, "support": 83.0}, "15": {"precision": 0.10810810810810811, "recall": 0.11428571428571428, "f1-score": 0.1111111111111111, "support": 105.0}, "16": {"precision": 0.08888888888888889, "recall": 0.09523809523809523, "f1-score": 0.09195402298850575, "support": 84.0}, "17": {"precision": 0.12, "recall": 0.08411214953271028, "f1-score": 0.0989010989010989, "support": 107.0}, "18": {"precision": 0.07142857142857142, "recall": 0.07462686567164178, "f1-score": 0.072992700729927, "support": 67.0}, "19": {"precision": 0.1, "recall": 0.10344827586206896, "f1-score": 0.1016949152542373, "support": 58.0}, "20": {"precision": 0.08888888888888889, "recall": 0.08, "f1-score": 0.08421052631578947, "support": 50.0}, "21": {"precision": 0.04878048780487805, "recall": 0.05405405405405406, "f1-score": 0.05128205128205128, "support": 37.0}, "22": {"precision": 0.0, "recall": 0.0, "f1-score": 0.0, "support": 23.0}, "23": {"precision": 0.0, "recall": 0.0, "f1-score": 0.0, "support": 16.0}, "24": {"precision": 0.0, "recall": 0.0, "f1-score": 0.0, "support": 10.0}, "25": {"precision": 0.0, "recall": 0.0, "f1-score": 0.0, "support": 5.0}, "26": {"precision": 0.0, "recall": 0.0, "f1-score": 0.0, "support": 8.0}, "27": {"precision": 0.0, "recall": 0.0, "f1-score": 0.0, "support": 2.0}, "accuracy": 0.07578125, "macro avg": {"precision": 0.05556663828543049, "recall": 0.05856590588673898, "f1-score": 0.05585446709961201, "support": 1280.0}, "weighted avg": {"precision": 0.0779085292281942, "recall": 0.07578125, "f1-score": 0.07596259841235188, "support": 1280.0}}