{"0": {"precision": 0.0, "recall": 0.0, "f1-score": 0.0, "support": 2.0}, "1": {"precision": 0.0, "recall": 0.0, "f1-score": 0.0, "support": 0.0}, "2": {"precision": 0.0, "recall": 0.0, "f1-score": 0.0, "support": 6.0}, "3": {"precision": 0.0, "recall": 0.0, "f1-score": 0.0, "support": 7.0}, "4": {"precision": 0.03225806451612903, "recall": 0.043478260869565216, "f1-score": 0.037037037037037035, "support": 23.0}, "5": {"precision": 0.0, "recall": 0.0, "f1-score": 0.0, "support": 31.0}, "6": {"precision": 0.09375, "recall": 0.07894736842105263, "f1-score": 0.08571428571428572, "support": 38.0}, "7": {"precision": 0.11290322580645161, "recall": 0.11290322580645161, "f1-score": 0.11290322580645161, "support": 62.0}, "8": {"precision": 0.017241379310344827, "recall": 0.017241379310344827, "f1-score": 0.017241379310344827, "support": 58.0}, "9": {"precision": 0.045454545454545456, "recall": 0.04, "f1-score": 0.0425531914893617, "support": 75.0}, "10": {"precision": 0.0625, "recall": 0.046511627906976744, "f1-score": 0.05333333333333334, "support": 86.0}, "11": {"precision": 0.10204081632653061, "recall": 0.12048192771084337, "f1-score": 0.11049723756906077, "support": 83.0}, "12": {"precision": 0.058823529411764705, "recall": 0.060240963855421686, "f1-score": 0.05952380952380952, "support": 83.0}, "13": {"precision": 0.06956521739130435, "recall": 0.0851063829787234, "f1-score": 0.07655502392344497, "support": 94.0}, "14": {"precision": 0.07228915662650602, "recall": 0.06818181818181818, "f1-score": 0.07017543859649122, "support": 88.0}, "15": {"precision": 0.06, "recall": 0.0625, "f1-score": 0.061224489795918366, "support": 96.0}, "16": {"precision": 0.050505050505050504, "recall": 0.056818181818181816, "f1-score": 0.053475935828877004, "support": 88.0}, "17": {"precision": 0.06578947368421052, "recall": 0.07246376811594203, "f1-score": 0.06896551724137931, "support": 69.0}, "18": {"precision": 0.11320754716981132, "recall": 0.07692307692307693, "f1-score": 0.0916030534351145, "support": 78.0}, "19": {"precision": 0.04918032786885246, "recall": 0.057692307692307696, "f1-score": 0.05309734513274336, "support": 52.0}, "20": {"precision": 0.027777777777777776, "recall": 0.02702702702702703, "f1-score": 0.0273972602739726, "support": 37.0}, "21": {"precision": 0.16666666666666666, "recall": 0.13725490196078433, "f1-score": 0.15053763440860216, "support": 51.0}, "22": {"precision": 0.023809523809523808, "recall": 0.03571428571428571, "f1-score": 0.02857142857142857, "support": 28.0}, "23": {"precision": 0.16666666666666666, "recall": 0.1111111111111111, "f1-score": 0.13333333333333333, "support": 18.0}, "24": {"precision": 0.0, "recall": 0.0, "f1-score": 0.0, "support": 20.0}, "25": {"precision": 0.0, "recall": 0.0, "f1-score": 0.0, "support": 6.0}, "26": {"precision": 0.0, "recall": 0.0, "f1-score": 0.0, "support": 0.0}, "27": {"precision": 0.0, "recall": 0.0, "f1-score": 0.0, "support": 1.0}, "accuracy": 0.065625, "macro avg": {"precision": 0.04965817746400487, "recall": 0.046807057692996944, "f1-score": 0.04763357001160678, "support": 1280.0}, "weighted avg": {"precision": 0.06770841531928168, "recall": 0.065625, "f1-score": 0.06602326613608485, "support": 1280.0}}