{"0": {"precision": 0.0, "recall": 0.0, "f1-score": 0.0, "support": 3.0}, "1": {"precision": 0.0, "recall": 0.0, "f1-score": 0.0, "support": 2.0}, "2": {"precision": 0.0, "recall": 0.0, "f1-score": 0.0, "support": 7.0}, "3": {"precision": 0.058823529411764705, "recall": 0.05555555555555555, "f1-score": 0.05714285714285714, "support": 18.0}, "4": {"precision": 0.07692307692307693, "recall": 0.047619047619047616, "f1-score": 0.058823529411764705, "support": 21.0}, "5": {"precision": 0.125, "recall": 0.10714285714285714, "f1-score": 0.11538461538461539, "support": 28.0}, "6": {"precision": 0.027777777777777776, "recall": 0.03225806451612903, "f1-score": 0.029850746268656716, "support": 31.0}, "7": {"precision": 0.057692307692307696, "recall": 0.075, "f1-score": 0.06521739130434782, "support": 40.0}, "8": {"precision": 0.03389830508474576, "recall": 0.031746031746031744, "f1-score": 0.03278688524590164, "support": 63.0}, "9": {"precision": 0.07407407407407407, "recall": 0.07792207792207792, "f1-score": 0.0759493670886076, "support": 77.0}, "10": {"precision": 0.03409090909090909, "recall": 0.04411764705882353, "f1-score": 0.038461538461538464, "support": 68.0}, "11": {"precision": 0.05102040816326531, "recall": 0.06097560975609756, "f1-score": 0.05555555555555555, "support": 82.0}, "12": {"precision": 0.09473684210526316, "recall": 0.10227272727272728, "f1-score": 0.09836065573770492, "support": 88.0}, "13": {"precision": 0.13186813186813187, "recall": 0.11009174311926606, "f1-score": 0.12, "support": 109.0}, "14": {"precision": 0.07894736842105263, "recall": 0.06315789473684211, "f1-score": 0.07017543859649122, "support": 95.0}, "15": {"precision": 0.05660377358490566, "recall": 0.06593406593406594, "f1-score": 0.06091370558375635, "support": 91.0}, "16": {"precision": 0.0945945945945946, "recall": 0.07608695652173914, "f1-score": 0.08433734939759036, "support": 92.0}, "17": {"precision": 0.1111111111111111, "recall": 0.0975609756097561, "f1-score": 0.1038961038961039, "support": 82.0}, "18": {"precision": 0.07352941176470588, "recall": 0.05952380952380952, "f1-score": 0.06578947368421052, "support": 84.0}, "19": {"precision": 0.07936507936507936, "recall": 0.08771929824561403, "f1-score": 0.08333333333333333, "support": 57.0}, "20": {"precision": 0.01818181818181818, "recall": 0.024390243902439025, "f1-score": 0.020833333333333332, "support": 41.0}, "21": {"precision": 0.05, "recall": 0.043478260869565216, "f1-score": 0.046511627906976744, "support": 46.0}, "22": {"precision": 0.047619047619047616, "recall": 0.047619047619047616, "f1-score": 0.047619047619047616, "support": 21.0}, "23": {"precision": 0.05, "recall": 0.06666666666666667, "f1-score": 0.05714285714285714, "support": 15.0}, "24": {"precision": 0.0, "recall": 0.0, "f1-score": 0.0, "support": 7.0}, "25": {"precision": 0.0, "recall": 0.0, "f1-score": 0.0, "support": 5.0}, "26": {"precision": 0.0, "recall": 0.0, "f1-score": 0.0, "support": 6.0}, "27": {"precision": 0.0, "recall": 0.0, "f1-score": 0.0, "support": 1.0}, "accuracy": 0.06875, "macro avg": {"precision": 0.05092348452977254, "recall": 0.04917280647636281, "f1-score": 0.0495744790034018, "support": 1280.0}, "weighted avg": {"precision": 0.07215244072003217, "recall": 0.06875, "f1-score": 0.06989417750899551, "support": 1280.0}}