{"0": {"precision": 0.0, "recall": 0.0, "f1-score": 0.0, "support": 4.0}, "1": {"precision": 0.0, "recall": 0.0, "f1-score": 0.0, "support": 3.0}, "2": {"precision": 0.0, "recall": 0.0, "f1-score": 0.0, "support": 7.0}, "3": {"precision": 0.16666666666666666, "recall": 0.06666666666666667, "f1-score": 0.09523809523809523, "support": 15.0}, "4": {"precision": 0.0, "recall": 0.0, "f1-score": 0.0, "support": 9.0}, "5": {"precision": 0.0625, "recall": 0.03225806451612903, "f1-score": 0.0425531914893617, "support": 31.0}, "6": {"precision": 0.23529411764705882, "recall": 0.1111111111111111, "f1-score": 0.1509433962264151, "support": 36.0}, "7": {"precision": 0.014705882352941176, "recall": 0.023809523809523808, "f1-score": 0.01818181818181818, "support": 42.0}, "8": {"precision": 0.13953488372093023, "recall": 0.08571428571428572, "f1-score": 0.10619469026548672, "support": 70.0}, "9": {"precision": 0.022988505747126436, "recall": 0.03571428571428571, "f1-score": 0.027972027972027972, "support": 56.0}, "10": {"precision": 0.05813953488372093, "recall": 0.06329113924050633, "f1-score": 0.06060606060606061, "support": 79.0}, "11": {"precision": 0.10126582278481013, "recall": 0.0851063829787234, "f1-score": 0.09248554913294797, "support": 94.0}, "12": {"precision": 0.07608695652173914, "recall": 0.07368421052631578, "f1-score": 0.0748663101604278, "support": 95.0}, "13": {"precision": 0.03125, "recall": 0.030927835051546393, "f1-score": 0.031088082901554404, "support": 97.0}, "14": {"precision": 0.07894736842105263, "recall": 0.058823529411764705, "f1-score": 0.06741573033707865, "support": 102.0}, "15": {"precision": 0.078125, "recall": 0.10309278350515463, "f1-score": 0.08888888888888889, "support": 97.0}, "16": {"precision": 0.04081632653061224, "recall": 0.045454545454545456, "f1-score": 0.043010752688172046, "support": 88.0}, "17": {"precision": 0.09574468085106383, "recall": 0.10465116279069768, "f1-score": 0.1, "support": 86.0}, "18": {"precision": 0.03333333333333333, "recall": 0.02666666666666667, "f1-score": 0.02962962962962963, "support": 75.0}, "19": {"precision": 0.08695652173913043, "recall": 0.16326530612244897, "f1-score": 0.11347517730496454, "support": 49.0}, "20": {"precision": 0.13793103448275862, "recall": 0.08888888888888889, "f1-score": 0.10810810810810811, "support": 45.0}, "21": {"precision": 0.05263157894736842, "recall": 0.06060606060606061, "f1-score": 0.056338028169014086, "support": 33.0}, "22": {"precision": 0.0, "recall": 0.0, "f1-score": 0.0, "support": 27.0}, "23": {"precision": 0.0625, "recall": 0.07692307692307693, "f1-score": 0.06896551724137931, "support": 13.0}, "24": {"precision": 0.0, "recall": 0.0, "f1-score": 0.0, "support": 13.0}, "25": {"precision": 0.0, "recall": 0.0, "f1-score": 0.0, "support": 8.0}, "26": {"precision": 0.0, "recall": 0.0, "f1-score": 0.0, "support": 2.0}, "27": {"precision": 0.0, "recall": 0.0, "f1-score": 0.0, "support": 4.0}, "accuracy": 0.065625, "macro avg": {"precision": 0.056264936236796896, "recall": 0.04773769734637138, "f1-score": 0.04914146623362254, "support": 1280.0}, "weighted avg": {"precision": 0.07181703049422702, "recall": 0.065625, "f1-score": 0.06628233997853361, "support": 1280.0}}