{"0": {"precision": 0.14285714285714285, "recall": 0.25, "f1-score": 0.18181818181818182, "support": 4.0}, "1": {"precision": 0.0, "recall": 0.0, "f1-score": 0.0, "support": 3.0}, "2": {"precision": 0.0, "recall": 0.0, "f1-score": 0.0, "support": 6.0}, "3": {"precision": 0.11538461538461539, "recall": 0.1875, "f1-score": 0.14285714285714285, "support": 16.0}, "4": {"precision": 0.03333333333333333, "recall": 0.0625, "f1-score": 0.043478260869565216, "support": 16.0}, "5": {"precision": 0.047619047619047616, "recall": 0.02857142857142857, "f1-score": 0.03571428571428571, "support": 35.0}, "6": {"precision": 0.044444444444444446, "recall": 0.05128205128205128, "f1-score": 0.047619047619047616, "support": 39.0}, "7": {"precision": 0.075, "recall": 0.08571428571428572, "f1-score": 0.08, "support": 35.0}, "8": {"precision": 0.08, "recall": 0.06557377049180328, "f1-score": 0.07207207207207207, "support": 61.0}, "9": {"precision": 0.06382978723404255, "recall": 0.0410958904109589, "f1-score": 0.05, "support": 73.0}, "10": {"precision": 0.16666666666666666, "recall": 0.10714285714285714, "f1-score": 0.13043478260869565, "support": 84.0}, "11": {"precision": 0.06818181818181818, "recall": 0.07792207792207792, "f1-score": 0.07272727272727272, "support": 77.0}, "12": {"precision": 0.06944444444444445, "recall": 0.044642857142857144, "f1-score": 0.05434782608695652, "support": 112.0}, "13": {"precision": 0.06521739130434782, "recall": 0.061224489795918366, "f1-score": 0.06315789473684211, "support": 98.0}, "14": {"precision": 0.10101010101010101, "recall": 0.09900990099009901, "f1-score": 0.1, "support": 101.0}, "15": {"precision": 0.061855670103092786, "recall": 0.075, "f1-score": 0.06779661016949153, "support": 80.0}, "16": {"precision": 0.07894736842105263, "recall": 0.0989010989010989, "f1-score": 0.08780487804878048, "support": 91.0}, "17": {"precision": 0.05217391304347826, "recall": 0.08333333333333333, "f1-score": 0.06417112299465241, "support": 72.0}, "18": {"precision": 0.1016949152542373, "recall": 0.09836065573770492, "f1-score": 0.1, "support": 61.0}, "19": {"precision": 0.06896551724137931, "recall": 0.0967741935483871, "f1-score": 0.08053691275167785, "support": 62.0}, "20": {"precision": 0.15, "recall": 0.08571428571428572, "f1-score": 0.10909090909090909, "support": 35.0}, "21": {"precision": 0.09090909090909091, "recall": 0.044444444444444446, "f1-score": 0.05970149253731343, "support": 45.0}, "22": {"precision": 0.10714285714285714, "recall": 0.0967741935483871, "f1-score": 0.1016949152542373, "support": 31.0}, "23": {"precision": 0.0, "recall": 0.0, "f1-score": 0.0, "support": 19.0}, "24": {"precision": 0.09090909090909091, "recall": 0.09090909090909091, "f1-score": 0.09090909090909091, "support": 11.0}, "25": {"precision": 0.0, "recall": 0.0, "f1-score": 0.0, "support": 5.0}, "26": {"precision": 0.0, "recall": 0.0, "f1-score": 0.0, "support": 6.0}, "27": {"precision": 0.5, "recall": 0.5, "f1-score": 0.5, "support": 2.0}, "accuracy": 0.07578125, "macro avg": {"precision": 0.08484240055372441, "recall": 0.08687110377146678, "f1-score": 0.08342616781665055, "support": 1280.0}, "weighted avg": {"precision": 0.08059950623603925, "recall": 0.07578125, "f1-score": 0.07607812804920237, "support": 1280.0}}