{"0": {"precision": 0.0, "recall": 0.0, "f1-score": 0.0, "support": 1.0}, "1": {"precision": 0.0, "recall": 0.0, "f1-score": 0.0, "support": 1.0}, "2": {"precision": 0.05555555555555555, "recall": 0.14285714285714285, "f1-score": 0.08, "support": 7.0}, "3": {"precision": 0.16666666666666666, "recall": 0.23529411764705882, "f1-score": 0.1951219512195122, "support": 17.0}, "4": {"precision": 0.25, "recall": 0.05, "f1-score": 0.08333333333333333, "support": 20.0}, "5": {"precision": 0.1875, "recall": 0.125, "f1-score": 0.15, "support": 24.0}, "6": {"precision": 0.26666666666666666, "recall": 0.0851063829787234, "f1-score": 0.12903225806451613, "support": 47.0}, "7": {"precision": 0.07462686567164178, "recall": 0.16129032258064516, "f1-score": 0.10204081632653061, "support": 31.0}, "8": {"precision": 0.13636363636363635, "recall": 0.046875, "f1-score": 0.06976744186046512, "support": 64.0}, "9": {"precision": 0.27586206896551724, "recall": 0.23529411764705882, "f1-score": 0.25396825396825395, "support": 68.0}, "10": {"precision": 0.14457831325301204, "recall": 0.16216216216216217, "f1-score": 0.15286624203821655, "support": 74.0}, "11": {"precision": 0.23404255319148937, "recall": 0.13095238095238096, "f1-score": 0.16793893129770993, "support": 84.0}, "12": {"precision": 0.19642857142857142, "recall": 0.20754716981132076, "f1-score": 0.2018348623853211, "support": 106.0}, "13": {"precision": 0.16483516483516483, "recall": 0.16853932584269662, "f1-score": 0.16666666666666666, "support": 89.0}, "14": {"precision": 0.27956989247311825, "recall": 0.2524271844660194, "f1-score": 0.2653061224489796, "support": 103.0}, "15": {"precision": 0.14814814814814814, "recall": 0.3956043956043956, "f1-score": 0.2155688622754491, "support": 91.0}, "16": {"precision": 0.3090909090909091, "recall": 0.20238095238095238, "f1-score": 0.2446043165467626, "support": 84.0}, "17": {"precision": 0.20833333333333334, "recall": 0.28735632183908044, "f1-score": 0.24154589371980675, "support": 87.0}, "18": {"precision": 0.2765957446808511, "recall": 0.17333333333333334, "f1-score": 0.21311475409836064, "support": 75.0}, "19": {"precision": 0.11764705882352941, "recall": 0.11764705882352941, "f1-score": 0.11764705882352941, "support": 51.0}, "20": {"precision": 0.18604651162790697, "recall": 0.15384615384615385, "f1-score": 0.16842105263157894, "support": 52.0}, "21": {"precision": 0.14285714285714285, "recall": 0.06976744186046512, "f1-score": 0.09375, "support": 43.0}, "22": {"precision": 0.0, "recall": 0.0, "f1-score": 0.0, "support": 16.0}, "23": {"precision": 0.11764705882352941, "recall": 0.16666666666666666, "f1-score": 0.13793103448275862, "support": 12.0}, "24": {"precision": 0.2, "recall": 0.05555555555555555, "f1-score": 0.08695652173913043, "support": 18.0}, "25": {"precision": 0.0, "recall": 0.0, "f1-score": 0.0, "support": 9.0}, "26": {"precision": 0.0, "recall": 0.0, "f1-score": 0.0, "support": 5.0}, "27": {"precision": 0.0, "recall": 0.0, "f1-score": 0.0, "support": 1.0}, "accuracy": 0.1828125, "macro avg": {"precision": 0.1478236379448711, "recall": 0.12948225667340504, "f1-score": 0.12633629906881721, "support": 1280.0}, "weighted avg": {"precision": 0.19909730294779227, "recall": 0.1828125, "f1-score": 0.17832107283566856, "support": 1280.0}}