{"1": {"precision": 1.0, "recall": 0.3333333333333333, "f1-score": 0.5, "support": 3.0}, "2": {"precision": 0.7, "recall": 0.5833333333333334, "f1-score": 0.6363636363636364, "support": 12.0}, "3": {"precision": 0.09090909090909091, "recall": 0.25, "f1-score": 0.13333333333333333, "support": 4.0}, "4": {"precision": 0.64, "recall": 0.6666666666666666, "f1-score": 0.6530612244897959, "support": 24.0}, "5": {"precision": 0.5384615384615384, "recall": 0.5185185185185185, "f1-score": 0.5283018867924528, "support": 27.0}, "6": {"precision": 0.5833333333333334, "recall": 0.5833333333333334, "f1-score": 0.5833333333333334, "support": 36.0}, "7": {"precision": 0.5581395348837209, "recall": 0.5106382978723404, "f1-score": 0.5333333333333333, "support": 47.0}, "8": {"precision": 0.4583333333333333, "recall": 0.4230769230769231, "f1-score": 0.44, "support": 52.0}, "9": {"precision": 0.5802469135802469, "recall": 0.6527777777777778, "f1-score": 0.6143790849673203, "support": 72.0}, "10": {"precision": 0.6363636363636364, "recall": 0.4772727272727273, "f1-score": 0.5454545454545454, "support": 88.0}, "11": {"precision": 0.5340909090909091, "recall": 0.5662650602409639, "f1-score": 0.5497076023391813, "support": 83.0}, "12": {"precision": 0.696969696969697, "recall": 0.7040816326530612, "f1-score": 0.700507614213198, "support": 98.0}, "13": {"precision": 0.6607142857142857, "recall": 0.7047619047619048, "f1-score": 0.6820276497695853, "support": 105.0}, "14": {"precision": 0.5904761904761905, "recall": 0.6391752577319587, "f1-score": 0.6138613861386139, "support": 97.0}, "15": {"precision": 0.6526315789473685, "recall": 0.5794392523364486, "f1-score": 0.6138613861386139, "support": 107.0}, "16": {"precision": 0.5, "recall": 0.5735294117647058, "f1-score": 0.5342465753424658, "support": 68.0}, "17": {"precision": 0.6626506024096386, "recall": 0.6875, "f1-score": 0.6748466257668712, "support": 80.0}, "18": {"precision": 0.7205882352941176, "recall": 0.6805555555555556, "f1-score": 0.7, "support": 72.0}, "19": {"precision": 0.7333333333333333, "recall": 0.7719298245614035, "f1-score": 0.7521367521367521, "support": 57.0}, "20": {"precision": 0.6521739130434783, "recall": 0.6382978723404256, "f1-score": 0.6451612903225806, "support": 47.0}, "21": {"precision": 0.7142857142857143, "recall": 0.6578947368421053, "f1-score": 0.684931506849315, "support": 38.0}, "22": {"precision": 0.36, "recall": 0.42857142857142855, "f1-score": 0.391304347826087, "support": 21.0}, "23": {"precision": 0.48148148148148145, "recall": 0.5652173913043478, "f1-score": 0.52, "support": 23.0}, "24": {"precision": 0.5, "recall": 0.2222222222222222, "f1-score": 0.3076923076923077, "support": 9.0}, "25": {"precision": 0.42857142857142855, "recall": 0.75, "f1-score": 0.5454545454545454, "support": 4.0}, "26": {"precision": 0.0, "recall": 0.0, "f1-score": 0.0, "support": 2.0}, "27": {"precision": 0.0, "recall": 0.0, "f1-score": 0.0, "support": 4.0}, "accuracy": 0.6078125, "macro avg": {"precision": 0.5434723981660201, "recall": 0.524755276373018, "f1-score": 0.5216037025206618, "support": 1280.0}, "weighted avg": {"precision": 0.6116866439938176, "recall": 0.6078125, "f1-score": 0.6070094464746526, "support": 1280.0}}