{"1": {"precision": 0.0, "recall": 0.0, "f1-score": 0.0, "support": 1.0}, "2": {"precision": 0.5, "recall": 0.3333333333333333, "f1-score": 0.4, "support": 6.0}, "3": {"precision": 0.5714285714285714, "recall": 0.5333333333333333, "f1-score": 0.5517241379310345, "support": 15.0}, "4": {"precision": 0.5, "recall": 0.3888888888888889, "f1-score": 0.4375, "support": 18.0}, "5": {"precision": 0.5757575757575758, "recall": 0.6129032258064516, "f1-score": 0.59375, "support": 31.0}, "6": {"precision": 0.7142857142857143, "recall": 0.6976744186046512, "f1-score": 0.7058823529411765, "support": 43.0}, "7": {"precision": 0.6666666666666666, "recall": 0.8837209302325582, "f1-score": 0.76, "support": 43.0}, "8": {"precision": 0.875, "recall": 0.711864406779661, "f1-score": 0.7850467289719626, "support": 59.0}, "9": {"precision": 0.6625, "recall": 0.7571428571428571, "f1-score": 0.7066666666666667, "support": 70.0}, "10": {"precision": 0.7209302325581395, "recall": 0.7045454545454546, "f1-score": 0.7126436781609196, "support": 88.0}, "11": {"precision": 0.7831325301204819, "recall": 0.7471264367816092, "f1-score": 0.7647058823529411, "support": 87.0}, "12": {"precision": 0.7755102040816326, "recall": 0.76, "f1-score": 0.7676767676767676, "support": 100.0}, "13": {"precision": 0.7222222222222222, "recall": 0.8041237113402062, "f1-score": 0.7609756097560976, "support": 97.0}, "14": {"precision": 0.8314606741573034, "recall": 0.7184466019417476, "f1-score": 0.7708333333333334, "support": 103.0}, "15": {"precision": 0.6818181818181818, "recall": 0.7731958762886598, "f1-score": 0.7246376811594203, "support": 97.0}, "16": {"precision": 0.7073170731707317, "recall": 0.725, "f1-score": 0.7160493827160493, "support": 80.0}, "17": {"precision": 0.7560975609756098, "recall": 0.7380952380952381, "f1-score": 0.7469879518072289, "support": 84.0}, "18": {"precision": 0.64, "recall": 0.6153846153846154, "f1-score": 0.6274509803921569, "support": 52.0}, "19": {"precision": 0.7647058823529411, "recall": 0.6964285714285714, "f1-score": 0.7289719626168224, "support": 56.0}, "20": {"precision": 0.7551020408163265, "recall": 0.6981132075471698, "f1-score": 0.7254901960784313, "support": 53.0}, "21": {"precision": 0.5909090909090909, "recall": 0.7878787878787878, "f1-score": 0.6753246753246753, "support": 33.0}, "22": {"precision": 0.5217391304347826, "recall": 0.5, "f1-score": 0.5106382978723404, "support": 24.0}, "23": {"precision": 0.3888888888888889, "recall": 0.3684210526315789, "f1-score": 0.3783783783783784, "support": 19.0}, "24": {"precision": 0.625, "recall": 0.38461538461538464, "f1-score": 0.47619047619047616, "support": 13.0}, "25": {"precision": 0.0, "recall": 0.0, "f1-score": 0.0, "support": 3.0}, "26": {"precision": 1.0, "recall": 0.3333333333333333, "f1-score": 0.5, "support": 3.0}, "27": {"precision": 1.0, "recall": 0.5, "f1-score": 0.6666666666666666, "support": 2.0}, "accuracy": 0.71015625, "macro avg": {"precision": 0.6418693422461059, "recall": 0.5842062839234848, "f1-score": 0.5997848817405017, "support": 1280.0}, "weighted avg": {"precision": 0.7152466968708688, "recall": 0.71015625, "f1-score": 0.7093518466249704, "support": 1280.0}}