{"1": {"precision": 0.0, "recall": 0.0, "f1-score": 0.0, "support": 2.0}, "2": {"precision": 0.5, "recall": 0.2, "f1-score": 0.2857142857142857, "support": 10.0}, "3": {"precision": 0.3076923076923077, "recall": 0.4444444444444444, "f1-score": 0.36363636363636365, "support": 9.0}, "4": {"precision": 0.6470588235294118, "recall": 0.6111111111111112, "f1-score": 0.6285714285714286, "support": 18.0}, "5": {"precision": 0.8, "recall": 0.5882352941176471, "f1-score": 0.6779661016949152, "support": 34.0}, "6": {"precision": 0.6875, "recall": 0.825, "f1-score": 0.75, "support": 40.0}, "7": {"precision": 0.7843137254901961, "recall": 0.7547169811320755, "f1-score": 0.7692307692307693, "support": 53.0}, "8": {"precision": 0.7619047619047619, "recall": 0.7741935483870968, "f1-score": 0.768, "support": 62.0}, "9": {"precision": 0.8461538461538461, "recall": 0.7021276595744681, "f1-score": 0.7674418604651163, "support": 94.0}, "10": {"precision": 0.6578947368421053, "recall": 0.6329113924050633, "f1-score": 0.6451612903225806, "support": 79.0}, "11": {"precision": 0.5180722891566265, "recall": 0.5657894736842105, "f1-score": 0.5408805031446541, "support": 76.0}, "12": {"precision": 0.6904761904761905, "recall": 0.6823529411764706, "f1-score": 0.6863905325443787, "support": 85.0}, "13": {"precision": 0.651685393258427, "recall": 0.6590909090909091, "f1-score": 0.655367231638418, "support": 88.0}, "14": {"precision": 0.5656565656565656, "recall": 0.6436781609195402, "f1-score": 0.6021505376344086, "support": 87.0}, "15": {"precision": 0.5257731958762887, "recall": 0.5795454545454546, "f1-score": 0.5513513513513514, "support": 88.0}, "16": {"precision": 0.5975609756097561, "recall": 0.5384615384615384, "f1-score": 0.5664739884393064, "support": 91.0}, "17": {"precision": 0.5217391304347826, "recall": 0.5217391304347826, "f1-score": 0.5217391304347826, "support": 92.0}, "18": {"precision": 0.5526315789473685, "recall": 0.5915492957746479, "f1-score": 0.5714285714285714, "support": 71.0}, "19": {"precision": 0.6, "recall": 0.6290322580645161, "f1-score": 0.6141732283464567, "support": 62.0}, "20": {"precision": 0.4473684210526316, "recall": 0.4358974358974359, "f1-score": 0.44155844155844154, "support": 39.0}, "21": {"precision": 0.5833333333333334, "recall": 0.5675675675675675, "f1-score": 0.5753424657534246, "support": 37.0}, "22": {"precision": 0.6086956521739131, "recall": 0.6363636363636364, "f1-score": 0.6222222222222222, "support": 22.0}, "23": {"precision": 0.35294117647058826, "recall": 0.46153846153846156, "f1-score": 0.4, "support": 13.0}, "24": {"precision": 0.6666666666666666, "recall": 0.625, "f1-score": 0.6451612903225806, "support": 16.0}, "25": {"precision": 0.2857142857142857, "recall": 0.4, "f1-score": 0.3333333333333333, "support": 5.0}, "26": {"precision": 0.0, "recall": 0.0, "f1-score": 0.0, "support": 5.0}, "27": {"precision": 1.0, "recall": 0.5, "f1-score": 0.6666666666666666, "support": 2.0}, "accuracy": 0.61640625, "macro avg": {"precision": 0.5615123354237057, "recall": 0.5396424701737436, "f1-score": 0.5425911701649798, "support": 1280.0}, "weighted avg": {"precision": 0.6212874809613269, "recall": 0.61640625, "f1-score": 0.61635560791982, "support": 1280.0}}