{"0": {"precision": 0.0, "recall": 0.0, "f1-score": 0.0, "support": 1.0}, "1": {"precision": 0.07692307692307693, "recall": 0.2, "f1-score": 0.1111111111111111, "support": 5.0}, "2": {"precision": 0.0, "recall": 0.0, "f1-score": 0.0, "support": 12.0}, "3": {"precision": 0.038461538461538464, "recall": 0.09090909090909091, "f1-score": 0.05405405405405406, "support": 11.0}, "4": {"precision": 0.17647058823529413, "recall": 0.3, "f1-score": 0.2222222222222222, "support": 20.0}, "5": {"precision": 0.1, "recall": 0.04, "f1-score": 0.05714285714285714, "support": 25.0}, "6": {"precision": 0.1111111111111111, "recall": 0.1111111111111111, "f1-score": 0.1111111111111111, "support": 36.0}, "7": {"precision": 0.2222222222222222, "recall": 0.2127659574468085, "f1-score": 0.21739130434782608, "support": 47.0}, "8": {"precision": 0.0847457627118644, "recall": 0.07936507936507936, "f1-score": 0.08196721311475409, "support": 63.0}, "9": {"precision": 0.1346153846153846, "recall": 0.08974358974358974, "f1-score": 0.1076923076923077, "support": 78.0}, "10": {"precision": 0.22413793103448276, "recall": 0.14130434782608695, "f1-score": 0.17333333333333334, "support": 92.0}, "11": {"precision": 0.08235294117647059, "recall": 0.10294117647058823, "f1-score": 0.0915032679738562, "support": 68.0}, "12": {"precision": 0.13414634146341464, "recall": 0.13580246913580246, "f1-score": 0.13496932515337423, "support": 81.0}, "13": {"precision": 0.13333333333333333, "recall": 0.10989010989010989, "f1-score": 0.12048192771084337, "support": 91.0}, "14": {"precision": 0.13043478260869565, "recall": 0.10256410256410256, "f1-score": 0.11483253588516747, "support": 117.0}, "15": {"precision": 0.0660377358490566, "recall": 0.07216494845360824, "f1-score": 0.06896551724137931, "support": 97.0}, "16": {"precision": 0.15873015873015872, "recall": 0.21505376344086022, "f1-score": 0.182648401826484, "support": 93.0}, "17": {"precision": 0.11764705882352941, "recall": 0.15584415584415584, "f1-score": 0.1340782122905028, "support": 77.0}, "18": {"precision": 0.06451612903225806, "recall": 0.05263157894736842, "f1-score": 0.057971014492753624, "support": 76.0}, "19": {"precision": 0.08641975308641975, "recall": 0.14, "f1-score": 0.10687022900763359, "support": 50.0}, "20": {"precision": 0.05263157894736842, "recall": 0.023255813953488372, "f1-score": 0.03225806451612903, "support": 43.0}, "21": {"precision": 0.10256410256410256, "recall": 0.12903225806451613, "f1-score": 0.11428571428571428, "support": 31.0}, "22": {"precision": 0.0, "recall": 0.0, "f1-score": 0.0, "support": 16.0}, "23": {"precision": 0.0625, "recall": 0.047619047619047616, "f1-score": 0.05405405405405406, "support": 21.0}, "24": {"precision": 0.1, "recall": 0.05, "f1-score": 0.06666666666666667, "support": 20.0}, "25": {"precision": 0.3333333333333333, "recall": 0.2, "f1-score": 0.25, "support": 5.0}, "26": {"precision": 0.2, "recall": 0.3333333333333333, "f1-score": 0.25, "support": 3.0}, "27": {"precision": 0.0, "recall": 0.0, "f1-score": 0.0, "support": 1.0}, "accuracy": 0.11484375, "macro avg": {"precision": 0.10690481658082558, "recall": 0.111976140504241, "f1-score": 0.10412894447264771, "support": 1280.0}, "weighted avg": {"precision": 0.11880757160178759, "recall": 0.11484375, "f1-score": 0.11363505306742386, "support": 1280.0}}