{"0": {"precision": 0.0, "recall": 0.0, "f1-score": 0.0, "support": 1.0}, "1": {"precision": 0.0, "recall": 0.0, "f1-score": 0.0, "support": 3.0}, "2": {"precision": 0.3333333333333333, "recall": 0.25, "f1-score": 0.2857142857142857, "support": 8.0}, "3": {"precision": 0.3333333333333333, "recall": 0.08333333333333333, "f1-score": 0.13333333333333333, "support": 12.0}, "4": {"precision": 0.2962962962962963, "recall": 0.32, "f1-score": 0.3076923076923077, "support": 25.0}, "5": {"precision": 0.47058823529411764, "recall": 0.1951219512195122, "f1-score": 0.27586206896551724, "support": 41.0}, "6": {"precision": 0.14285714285714285, "recall": 0.0967741935483871, "f1-score": 0.11538461538461539, "support": 31.0}, "7": {"precision": 0.22058823529411764, "recall": 0.35714285714285715, "f1-score": 0.2727272727272727, "support": 42.0}, "8": {"precision": 0.2, "recall": 0.11864406779661017, "f1-score": 0.14893617021276595, "support": 59.0}, "9": {"precision": 0.2553191489361702, "recall": 0.38095238095238093, "f1-score": 0.3057324840764331, "support": 63.0}, "10": {"precision": 0.29591836734693877, "recall": 0.3670886075949367, "f1-score": 0.327683615819209, "support": 79.0}, "11": {"precision": 0.4090909090909091, "recall": 0.2872340425531915, "f1-score": 0.3375, "support": 94.0}, "12": {"precision": 0.43478260869565216, "recall": 0.3883495145631068, "f1-score": 0.41025641025641024, "support": 103.0}, "13": {"precision": 0.42857142857142855, "recall": 0.5277777777777778, "f1-score": 0.4730290456431535, "support": 108.0}, "14": {"precision": 0.45918367346938777, "recall": 0.4838709677419355, "f1-score": 0.4712041884816754, "support": 93.0}, "15": {"precision": 0.37142857142857144, "recall": 0.42857142857142855, "f1-score": 0.3979591836734694, "support": 91.0}, "16": {"precision": 0.4375, "recall": 0.42168674698795183, "f1-score": 0.4294478527607362, "support": 83.0}, "17": {"precision": 0.45454545454545453, "recall": 0.5263157894736842, "f1-score": 0.4878048780487805, "support": 76.0}, "18": {"precision": 0.22388059701492538, "recall": 0.234375, "f1-score": 0.22900763358778625, "support": 64.0}, "19": {"precision": 0.2948717948717949, "recall": 0.3770491803278688, "f1-score": 0.33093525179856115, "support": 61.0}, "20": {"precision": 0.2631578947368421, "recall": 0.09259259259259259, "f1-score": 0.136986301369863, "support": 54.0}, "21": {"precision": 0.20833333333333334, "recall": 0.22727272727272727, "f1-score": 0.21739130434782608, "support": 22.0}, "22": {"precision": 0.20689655172413793, "recall": 0.25, "f1-score": 0.22641509433962265, "support": 24.0}, "23": {"precision": 0.23809523809523808, "recall": 0.2631578947368421, "f1-score": 0.25, "support": 19.0}, "24": {"precision": 0.3333333333333333, "recall": 0.15384615384615385, "f1-score": 0.21052631578947367, "support": 13.0}, "25": {"precision": 0.0, "recall": 0.0, "f1-score": 0.0, "support": 7.0}, "26": {"precision": 0.0, "recall": 0.0, "f1-score": 0.0, "support": 2.0}, "27": {"precision": 0.0, "recall": 0.0, "f1-score": 0.0, "support": 2.0}, "accuracy": 0.34453125, "macro avg": {"precision": 0.26113948148580207, "recall": 0.24396990028690282, "f1-score": 0.2421974862151106, "support": 1280.0}, "weighted avg": {"precision": 0.34386022538534633, "recall": 0.34453125, "f1-score": 0.3356418739955726, "support": 1280.0}}