{"1": {"precision": 1.0, "recall": 0.6666666666666666, "f1-score": 0.8, "support": 3.0}, "2": {"precision": 0.25, "recall": 0.16666666666666666, "f1-score": 0.2, "support": 6.0}, "3": {"precision": 0.35714285714285715, "recall": 0.4166666666666667, "f1-score": 0.38461538461538464, "support": 12.0}, "4": {"precision": 0.35, "recall": 0.2916666666666667, "f1-score": 0.3181818181818182, "support": 24.0}, "5": {"precision": 0.14285714285714285, "recall": 0.043478260869565216, "f1-score": 0.06666666666666667, "support": 23.0}, "6": {"precision": 0.2, "recall": 0.25, "f1-score": 0.2222222222222222, "support": 24.0}, "7": {"precision": 0.2777777777777778, "recall": 0.2777777777777778, "f1-score": 0.2777777777777778, "support": 54.0}, "8": {"precision": 0.27692307692307694, "recall": 0.3103448275862069, "f1-score": 0.2926829268292683, "support": 58.0}, "9": {"precision": 0.30952380952380953, "recall": 0.4262295081967213, "f1-score": 0.3586206896551724, "support": 61.0}, "10": {"precision": 0.5454545454545454, "recall": 0.4044943820224719, "f1-score": 0.4645161290322581, "support": 89.0}, "11": {"precision": 0.47572815533980584, "recall": 0.6049382716049383, "f1-score": 0.532608695652174, "support": 81.0}, "12": {"precision": 0.5824175824175825, "recall": 0.5520833333333334, "f1-score": 0.5668449197860963, "support": 96.0}, "13": {"precision": 0.6578947368421053, "recall": 0.6521739130434783, "f1-score": 0.6550218340611353, "support": 115.0}, "14": {"precision": 0.6391752577319587, "recall": 0.5849056603773585, "f1-score": 0.6108374384236454, "support": 106.0}, "15": {"precision": 0.5436893203883495, "recall": 0.5656565656565656, "f1-score": 0.5544554455445545, "support": 99.0}, "16": {"precision": 0.5050505050505051, "recall": 0.5208333333333334, "f1-score": 0.5128205128205128, "support": 96.0}, "17": {"precision": 0.4444444444444444, "recall": 0.47058823529411764, "f1-score": 0.45714285714285713, "support": 68.0}, "18": {"precision": 0.5081967213114754, "recall": 0.4492753623188406, "f1-score": 0.47692307692307695, "support": 69.0}, "19": {"precision": 0.39215686274509803, "recall": 0.4166666666666667, "f1-score": 0.40404040404040403, "support": 48.0}, "20": {"precision": 0.32608695652173914, "recall": 0.35714285714285715, "f1-score": 0.3409090909090909, "support": 42.0}, "21": {"precision": 0.4864864864864865, "recall": 0.47368421052631576, "f1-score": 0.48, "support": 38.0}, "22": {"precision": 0.28125, "recall": 0.36, "f1-score": 0.3157894736842105, "support": 25.0}, "23": {"precision": 0.2857142857142857, "recall": 0.13333333333333333, "f1-score": 0.18181818181818182, "support": 15.0}, "24": {"precision": 0.2, "recall": 0.2, "f1-score": 0.2, "support": 15.0}, "25": {"precision": 0.0, "recall": 0.0, "f1-score": 0.0, "support": 8.0}, "26": {"precision": 0.0, "recall": 0.0, "f1-score": 0.0, "support": 4.0}, "27": {"precision": 0.0, "recall": 0.0, "f1-score": 0.0, "support": 1.0}, "accuracy": 0.4625, "macro avg": {"precision": 0.3717766860990017, "recall": 0.35538048762039065, "f1-score": 0.35831464984394473, "support": 1280.0}, "weighted avg": {"precision": 0.46448158911273724, "recall": 0.4625, "f1-score": 0.4603405577962212, "support": 1280.0}}