{"0": {"precision": 0.0, "recall": 0.0, "f1-score": 0.0, "support": 1.0}, "1": {"precision": 0.14285714285714285, "recall": 0.5, "f1-score": 0.2222222222222222, "support": 2.0}, "2": {"precision": 0.2222222222222222, "recall": 0.2, "f1-score": 0.21052631578947367, "support": 10.0}, "3": {"precision": 0.2857142857142857, "recall": 0.36363636363636365, "f1-score": 0.32, "support": 11.0}, "4": {"precision": 0.1, "recall": 0.047619047619047616, "f1-score": 0.06451612903225806, "support": 21.0}, "5": {"precision": 0.45454545454545453, "recall": 0.15151515151515152, "f1-score": 0.22727272727272727, "support": 33.0}, "6": {"precision": 0.1724137931034483, "recall": 0.13157894736842105, "f1-score": 0.14925373134328357, "support": 38.0}, "7": {"precision": 0.16, "recall": 0.16666666666666666, "f1-score": 0.16326530612244897, "support": 48.0}, "8": {"precision": 0.1111111111111111, "recall": 0.10909090909090909, "f1-score": 0.11009174311926606, "support": 55.0}, "9": {"precision": 0.1875, "recall": 0.08955223880597014, "f1-score": 0.12121212121212122, "support": 67.0}, "10": {"precision": 0.27350427350427353, "recall": 0.34782608695652173, "f1-score": 0.3062200956937799, "support": 92.0}, "11": {"precision": 0.2571428571428571, "recall": 0.1836734693877551, "f1-score": 0.21428571428571427, "support": 98.0}, "12": {"precision": 0.1937984496124031, "recall": 0.3048780487804878, "f1-score": 0.23696682464454977, "support": 82.0}, "13": {"precision": 0.30985915492957744, "recall": 0.25882352941176473, "f1-score": 0.28205128205128205, "support": 85.0}, "14": {"precision": 0.375, "recall": 0.3, "f1-score": 0.3333333333333333, "support": 90.0}, "15": {"precision": 0.23923444976076555, "recall": 0.5376344086021505, "f1-score": 0.33112582781456956, "support": 93.0}, "16": {"precision": 0.31343283582089554, "recall": 0.2876712328767123, "f1-score": 0.3, "support": 73.0}, "17": {"precision": 0.24324324324324326, "recall": 0.24, "f1-score": 0.24161073825503357, "support": 75.0}, "18": {"precision": 0.2391304347826087, "recall": 0.14666666666666667, "f1-score": 0.18181818181818182, "support": 75.0}, "19": {"precision": 0.16923076923076924, "recall": 0.2, "f1-score": 0.18333333333333332, "support": 55.0}, "20": {"precision": 0.08333333333333333, "recall": 0.15789473684210525, "f1-score": 0.10909090909090909, "support": 38.0}, "21": {"precision": 0.15384615384615385, "recall": 0.0851063829787234, "f1-score": 0.1095890410958904, "support": 47.0}, "22": {"precision": 0.3157894736842105, "recall": 0.16666666666666666, "f1-score": 0.21818181818181817, "support": 36.0}, "23": {"precision": 0.0625, "recall": 0.038461538461538464, "f1-score": 0.047619047619047616, "support": 26.0}, "24": {"precision": 0.16666666666666666, "recall": 0.058823529411764705, "f1-score": 0.08695652173913043, "support": 17.0}, "25": {"precision": 0.0, "recall": 0.0, "f1-score": 0.0, "support": 5.0}, "26": {"precision": 0.0, "recall": 0.0, "f1-score": 0.0, "support": 4.0}, "27": {"precision": 0.0, "recall": 0.0, "f1-score": 0.0, "support": 3.0}, "accuracy": 0.22734375, "macro avg": {"precision": 0.18685986089683654, "recall": 0.1812066293480495, "f1-score": 0.1703765344667991, "support": 1280.0}, "weighted avg": {"precision": 0.23346666592591303, "recall": 0.22734375, "f1-score": 0.2184291512136697, "support": 1280.0}}