{"0": {"precision": 0.0, "recall": 0.0, "f1-score": 0.0, "support": 2.0}, "1": {"precision": 0.25, "recall": 0.25, "f1-score": 0.25, "support": 4.0}, "2": {"precision": 0.3333333333333333, "recall": 0.5, "f1-score": 0.4, "support": 8.0}, "3": {"precision": 0.7857142857142857, "recall": 0.6875, "f1-score": 0.7333333333333333, "support": 16.0}, "4": {"precision": 0.8461538461538461, "recall": 0.7333333333333333, "f1-score": 0.7857142857142857, "support": 15.0}, "5": {"precision": 0.8148148148148148, "recall": 0.7857142857142857, "f1-score": 0.8, "support": 28.0}, "6": {"precision": 0.8333333333333334, "recall": 0.8333333333333334, "f1-score": 0.8333333333333334, "support": 36.0}, "7": {"precision": 0.875, "recall": 0.8974358974358975, "f1-score": 0.8860759493670886, "support": 39.0}, "8": {"precision": 0.8793103448275862, "recall": 0.8793103448275862, "f1-score": 0.8793103448275862, "support": 58.0}, "9": {"precision": 0.8513513513513513, "recall": 0.875, "f1-score": 0.863013698630137, "support": 72.0}, "10": {"precision": 0.9058823529411765, "recall": 0.8369565217391305, "f1-score": 0.8700564971751412, "support": 92.0}, "11": {"precision": 0.8387096774193549, "recall": 0.8387096774193549, "f1-score": 0.8387096774193549, "support": 93.0}, "12": {"precision": 0.8080808080808081, "recall": 0.8791208791208791, "f1-score": 0.8421052631578947, "support": 91.0}, "13": {"precision": 0.8275862068965517, "recall": 0.8089887640449438, "f1-score": 0.8181818181818182, "support": 89.0}, "14": {"precision": 0.8172043010752689, "recall": 0.8, "f1-score": 0.8085106382978723, "support": 95.0}, "15": {"precision": 0.8505747126436781, "recall": 0.8222222222222222, "f1-score": 0.8361581920903954, "support": 90.0}, "16": {"precision": 0.8681318681318682, "recall": 0.9080459770114943, "f1-score": 0.8876404494382022, "support": 87.0}, "17": {"precision": 0.8333333333333334, "recall": 0.8441558441558441, "f1-score": 0.8387096774193549, "support": 77.0}, "18": {"precision": 0.7792207792207793, "recall": 0.821917808219178, "f1-score": 0.8, "support": 73.0}, "19": {"precision": 0.8269230769230769, "recall": 0.8113207547169812, "f1-score": 0.819047619047619, "support": 53.0}, "20": {"precision": 0.85, "recall": 0.8095238095238095, "f1-score": 0.8292682926829268, "support": 42.0}, "21": {"precision": 0.75, "recall": 0.825, "f1-score": 0.7857142857142857, "support": 40.0}, "22": {"precision": 0.8333333333333334, "recall": 0.78125, "f1-score": 0.8064516129032258, "support": 32.0}, "23": {"precision": 0.8095238095238095, "recall": 0.7083333333333334, "f1-score": 0.7555555555555555, "support": 24.0}, "24": {"precision": 0.5, "recall": 0.5833333333333334, "f1-score": 0.5384615384615384, "support": 12.0}, "25": {"precision": 0.6, "recall": 0.6666666666666666, "f1-score": 0.631578947368421, "support": 9.0}, "26": {"precision": 0.0, "recall": 0.0, "f1-score": 0.0, "support": 1.0}, "27": {"precision": 0.0, "recall": 0.0, "f1-score": 0.0, "support": 2.0}, "accuracy": 0.8234375, "macro avg": {"precision": 0.6845541274661283, "recall": 0.6852561709339859, "f1-score": 0.6834618217899776, "support": 1280.0}, "weighted avg": {"precision": 0.8238162245716787, "recall": 0.8234375, "f1-score": 0.8229132532071202, "support": 1280.0}}