{"0": {"precision": 0.0, "recall": 0.0, "f1-score": 0.0, "support": 1.0}, "1": {"precision": 0.0, "recall": 0.0, "f1-score": 0.0, "support": 2.0}, "2": {"precision": 0.5833333333333334, "recall": 0.5384615384615384, "f1-score": 0.56, "support": 13.0}, "3": {"precision": 0.4, "recall": 0.3333333333333333, "f1-score": 0.36363636363636365, "support": 12.0}, "4": {"precision": 0.9285714285714286, "recall": 0.5416666666666666, "f1-score": 0.6842105263157895, "support": 24.0}, "5": {"precision": 0.7727272727272727, "recall": 0.68, "f1-score": 0.723404255319149, "support": 25.0}, "6": {"precision": 0.8, "recall": 0.631578947368421, "f1-score": 0.7058823529411765, "support": 38.0}, "7": {"precision": 0.8421052631578947, "recall": 0.7272727272727273, "f1-score": 0.7804878048780488, "support": 44.0}, "8": {"precision": 0.9, "recall": 0.6338028169014085, "f1-score": 0.743801652892562, "support": 71.0}, "9": {"precision": 0.7241379310344828, "recall": 0.7241379310344828, "f1-score": 0.7241379310344828, "support": 58.0}, "10": {"precision": 0.7368421052631579, "recall": 0.6511627906976745, "f1-score": 0.691358024691358, "support": 86.0}, "11": {"precision": 0.5042735042735043, "recall": 0.6629213483146067, "f1-score": 0.5728155339805825, "support": 89.0}, "12": {"precision": 0.7425742574257426, "recall": 0.7075471698113207, "f1-score": 0.7246376811594203, "support": 106.0}, "13": {"precision": 0.7319587628865979, "recall": 0.7171717171717171, "f1-score": 0.7244897959183674, "support": 99.0}, "14": {"precision": 0.7901234567901234, "recall": 0.5714285714285714, "f1-score": 0.6632124352331606, "support": 112.0}, "15": {"precision": 0.3034825870646766, "recall": 0.7439024390243902, "f1-score": 0.43109540636042404, "support": 82.0}, "16": {"precision": 0.7078651685393258, "recall": 0.63, "f1-score": 0.6666666666666666, "support": 100.0}, "17": {"precision": 0.6065573770491803, "recall": 0.5873015873015873, "f1-score": 0.5967741935483871, "support": 63.0}, "18": {"precision": 0.8333333333333334, "recall": 0.6410256410256411, "f1-score": 0.7246376811594203, "support": 78.0}, "19": {"precision": 0.5161290322580645, "recall": 0.7804878048780488, "f1-score": 0.6213592233009708, "support": 41.0}, "20": {"precision": 0.9310344827586207, "recall": 0.5294117647058824, "f1-score": 0.675, "support": 51.0}, "21": {"precision": 0.625, "recall": 0.7407407407407407, "f1-score": 0.6779661016949152, "support": 27.0}, "22": {"precision": 0.6666666666666666, "recall": 0.47619047619047616, "f1-score": 0.5555555555555556, "support": 21.0}, "23": {"precision": 0.9, "recall": 0.5294117647058824, "f1-score": 0.6666666666666666, "support": 17.0}, "24": {"precision": 0.8571428571428571, "recall": 0.8571428571428571, "f1-score": 0.8571428571428571, "support": 7.0}, "25": {"precision": 0.75, "recall": 0.375, "f1-score": 0.5, "support": 8.0}, "26": {"precision": 1.0, "recall": 0.4, "f1-score": 0.5714285714285714, "support": 5.0}, "accuracy": 0.64765625, "macro avg": {"precision": 0.6723651414917134, "recall": 0.5707815049695546, "f1-score": 0.6002358252416629, "support": 1280.0}, "weighted avg": {"precision": 0.707783978604024, "recall": 0.64765625, "f1-score": 0.6606061828305269, "support": 1280.0}}