{"0": {"precision": 0.0, "recall": 0.0, "f1-score": 0.0, "support": 1.0}, "1": {"precision": 0.75, "recall": 0.6, "f1-score": 0.6666666666666666, "support": 5.0}, "2": {"precision": 0.6666666666666666, "recall": 0.4444444444444444, "f1-score": 0.5333333333333333, "support": 9.0}, "3": {"precision": 0.6470588235294118, "recall": 0.7857142857142857, "f1-score": 0.7096774193548387, "support": 14.0}, "4": {"precision": 0.8333333333333334, "recall": 0.625, "f1-score": 0.7142857142857143, "support": 16.0}, "5": {"precision": 0.8095238095238095, "recall": 0.68, "f1-score": 0.7391304347826086, "support": 25.0}, "6": {"precision": 0.7241379310344828, "recall": 0.7777777777777778, "f1-score": 0.75, "support": 27.0}, "7": {"precision": 0.6730769230769231, "recall": 0.6140350877192983, "f1-score": 0.6422018348623854, "support": 57.0}, "8": {"precision": 0.7692307692307693, "recall": 0.5970149253731343, "f1-score": 0.6722689075630253, "support": 67.0}, "9": {"precision": 0.7307692307692307, "recall": 0.7402597402597403, "f1-score": 0.7354838709677419, "support": 77.0}, "10": {"precision": 0.6352941176470588, "recall": 0.6428571428571429, "f1-score": 0.6390532544378699, "support": 84.0}, "11": {"precision": 0.6630434782608695, "recall": 0.7093023255813954, "f1-score": 0.6853932584269663, "support": 86.0}, "12": {"precision": 0.7415730337078652, "recall": 0.6470588235294118, "f1-score": 0.6910994764397905, "support": 102.0}, "13": {"precision": 0.7263157894736842, "recall": 0.75, "f1-score": 0.7379679144385026, "support": 92.0}, "14": {"precision": 0.725, "recall": 0.651685393258427, "f1-score": 0.6863905325443787, "support": 89.0}, "15": {"precision": 0.4900662251655629, "recall": 0.7708333333333334, "f1-score": 0.5991902834008097, "support": 96.0}, "16": {"precision": 0.7272727272727273, "recall": 0.6349206349206349, "f1-score": 0.6779661016949152, "support": 63.0}, "17": {"precision": 0.6559139784946236, "recall": 0.7439024390243902, "f1-score": 0.6971428571428572, "support": 82.0}, "18": {"precision": 0.5121951219512195, "recall": 0.7241379310344828, "f1-score": 0.6, "support": 58.0}, "19": {"precision": 0.7407407407407407, "recall": 0.5797101449275363, "f1-score": 0.6504065040650406, "support": 69.0}, "20": {"precision": 0.851063829787234, "recall": 0.6666666666666666, "f1-score": 0.7476635514018691, "support": 60.0}, "21": {"precision": 0.6428571428571429, "recall": 0.5625, "f1-score": 0.6, "support": 32.0}, "22": {"precision": 0.75, "recall": 0.6206896551724138, "f1-score": 0.6792452830188679, "support": 29.0}, "23": {"precision": 0.5625, "recall": 0.5294117647058824, "f1-score": 0.5454545454545454, "support": 17.0}, "24": {"precision": 0.7272727272727273, "recall": 0.5714285714285714, "f1-score": 0.64, "support": 14.0}, "25": {"precision": 0.5, "recall": 0.5, "f1-score": 0.5, "support": 6.0}, "26": {"precision": 1.0, "recall": 0.5, "f1-score": 0.6666666666666666, "support": 2.0}, "27": {"precision": 0.0, "recall": 0.0, "f1-score": 0.0, "support": 1.0}, "accuracy": 0.671875, "macro avg": {"precision": 0.6519609428498601, "recall": 0.5953339674188918, "f1-score": 0.6145245861053354, "support": 1280.0}, "weighted avg": {"precision": 0.6883402270623553, "recall": 0.671875, "f1-score": 0.6734418408259084, "support": 1280.0}}