{"0": {"precision": 0.0, "recall": 0.0, "f1-score": 0.0, "support": 1.0}, "1": {"precision": 0.6666666666666666, "recall": 0.5, "f1-score": 0.5714285714285714, "support": 4.0}, "2": {"precision": 0.5, "recall": 0.6666666666666666, "f1-score": 0.5714285714285714, "support": 9.0}, "3": {"precision": 0.3333333333333333, "recall": 0.3, "f1-score": 0.3157894736842105, "support": 10.0}, "4": {"precision": 0.5714285714285714, "recall": 0.48, "f1-score": 0.5217391304347826, "support": 25.0}, "5": {"precision": 0.35714285714285715, "recall": 0.4, "f1-score": 0.37735849056603776, "support": 25.0}, "6": {"precision": 0.42424242424242425, "recall": 0.3888888888888889, "f1-score": 0.4057971014492754, "support": 36.0}, "7": {"precision": 0.3, "recall": 0.36585365853658536, "f1-score": 0.32967032967032966, "support": 41.0}, "8": {"precision": 0.3695652173913043, "recall": 0.32075471698113206, "f1-score": 0.3434343434343434, "support": 53.0}, "9": {"precision": 0.5925925925925926, "recall": 0.5853658536585366, "f1-score": 0.588957055214724, "support": 82.0}, "10": {"precision": 0.5657894736842105, "recall": 0.5119047619047619, "f1-score": 0.5375, "support": 84.0}, "11": {"precision": 0.5196078431372549, "recall": 0.6022727272727273, "f1-score": 0.5578947368421052, "support": 88.0}, "12": {"precision": 0.5205479452054794, "recall": 0.48717948717948717, "f1-score": 0.5033112582781457, "support": 78.0}, "13": {"precision": 0.6862745098039216, "recall": 0.6796116504854369, "f1-score": 0.6829268292682927, "support": 103.0}, "14": {"precision": 0.6470588235294118, "recall": 0.6055045871559633, "f1-score": 0.6255924170616114, "support": 109.0}, "15": {"precision": 0.5892857142857143, "recall": 0.6534653465346535, "f1-score": 0.6197183098591549, "support": 101.0}, "16": {"precision": 0.5773195876288659, "recall": 0.6511627906976745, "f1-score": 0.6120218579234973, "support": 86.0}, "17": {"precision": 0.6493506493506493, "recall": 0.625, "f1-score": 0.6369426751592356, "support": 80.0}, "18": {"precision": 0.7272727272727273, "recall": 0.5, "f1-score": 0.5925925925925926, "support": 64.0}, "19": {"precision": 0.49295774647887325, "recall": 0.6862745098039216, "f1-score": 0.5737704918032787, "support": 51.0}, "20": {"precision": 0.4, "recall": 0.4, "f1-score": 0.4, "support": 45.0}, "21": {"precision": 0.42424242424242425, "recall": 0.3888888888888889, "f1-score": 0.4057971014492754, "support": 36.0}, "22": {"precision": 0.3870967741935484, "recall": 0.48, "f1-score": 0.42857142857142855, "support": 25.0}, "23": {"precision": 0.3157894736842105, "recall": 0.2608695652173913, "f1-score": 0.2857142857142857, "support": 23.0}, "24": {"precision": 0.14285714285714285, "recall": 0.14285714285714285, "f1-score": 0.14285714285714285, "support": 7.0}, "25": {"precision": 0.4, "recall": 0.16666666666666666, "f1-score": 0.23529411764705882, "support": 12.0}, "26": {"precision": 0.0, "recall": 0.0, "f1-score": 0.0, "support": 1.0}, "27": {"precision": 0.0, "recall": 0.0, "f1-score": 0.0, "support": 1.0}, "accuracy": 0.53828125, "macro avg": {"precision": 0.4343008035054351, "recall": 0.42318528247844733, "f1-score": 0.4237895825834982, "support": 1280.0}, "weighted avg": {"precision": 0.541681087384848, "recall": 0.53828125, "f1-score": 0.5365676874205858, "support": 1280.0}}