{"0": {"precision": 0.0, "recall": 0.0, "f1-score": 0.0, "support": 2.0}, "1": {"precision": 0.0, "recall": 0.0, "f1-score": 0.0, "support": 1.0}, "2": {"precision": 0.0, "recall": 0.0, "f1-score": 0.0, "support": 7.0}, "3": {"precision": 0.0, "recall": 0.0, "f1-score": 0.0, "support": 15.0}, "4": {"precision": 0.0, "recall": 0.0, "f1-score": 0.0, "support": 15.0}, "5": {"precision": 0.034482758620689655, "recall": 0.038461538461538464, "f1-score": 0.03636363636363636, "support": 26.0}, "6": {"precision": 0.05555555555555555, "recall": 0.02631578947368421, "f1-score": 0.03571428571428571, "support": 38.0}, "7": {"precision": 0.02, "recall": 0.027777777777777776, "f1-score": 0.023255813953488372, "support": 36.0}, "8": {"precision": 0.07272727272727272, "recall": 0.07407407407407407, "f1-score": 0.07339449541284404, "support": 54.0}, "9": {"precision": 0.09722222222222222, "recall": 0.09722222222222222, "f1-score": 0.09722222222222222, "support": 72.0}, "10": {"precision": 0.06741573033707865, "recall": 0.06451612903225806, "f1-score": 0.06593406593406594, "support": 93.0}, "11": {"precision": 0.07894736842105263, "recall": 0.08333333333333333, "f1-score": 0.08108108108108109, "support": 72.0}, "12": {"precision": 0.06451612903225806, "recall": 0.06451612903225806, "f1-score": 0.06451612903225806, "support": 93.0}, "13": {"precision": 0.1134020618556701, "recall": 0.10784313725490197, "f1-score": 0.11055276381909548, "support": 102.0}, "14": {"precision": 0.045454545454545456, "recall": 0.0425531914893617, "f1-score": 0.04395604395604396, "support": 94.0}, "15": {"precision": 0.05747126436781609, "recall": 0.05154639175257732, "f1-score": 0.05434782608695652, "support": 97.0}, "16": {"precision": 0.12087912087912088, "recall": 0.11578947368421053, "f1-score": 0.11827956989247312, "support": 95.0}, "17": {"precision": 0.07446808510638298, "recall": 0.08433734939759036, "f1-score": 0.07909604519774012, "support": 83.0}, "18": {"precision": 0.09375, "recall": 0.09836065573770492, "f1-score": 0.096, "support": 61.0}, "19": {"precision": 0.04838709677419355, "recall": 0.04918032786885246, "f1-score": 0.04878048780487805, "support": 61.0}, "20": {"precision": 0.03333333333333333, "recall": 0.03773584905660377, "f1-score": 0.035398230088495575, "support": 53.0}, "21": {"precision": 0.046511627906976744, "recall": 0.05555555555555555, "f1-score": 0.05063291139240506, "support": 36.0}, "22": {"precision": 0.02702702702702703, "recall": 0.038461538461538464, "f1-score": 0.031746031746031744, "support": 26.0}, "23": {"precision": 0.09090909090909091, "recall": 0.10526315789473684, "f1-score": 0.0975609756097561, "support": 19.0}, "24": {"precision": 0.0, "recall": 0.0, "f1-score": 0.0, "support": 10.0}, "25": {"precision": 0.07692307692307693, "recall": 0.06666666666666667, "f1-score": 0.07142857142857142, "support": 15.0}, "26": {"precision": 0.0, "recall": 0.0, "f1-score": 0.0, "support": 4.0}, "27": {"precision": 0.0, "recall": 0.0, "f1-score": 0.0, "support": 0.0}, "accuracy": 0.06796875, "macro avg": {"precision": 0.047120834551905834, "recall": 0.04748251029383738, "f1-score": 0.04697361381201175, "support": 1280.0}, "weighted avg": {"precision": 0.06826788792311027, "recall": 0.06796875, "f1-score": 0.06784009389398103, "support": 1280.0}}