{"0": {"precision": 0.0, "recall": 0.0, "f1-score": 0.0, "support": 1.0}, "1": {"precision": 0.0, "recall": 0.0, "f1-score": 0.0, "support": 4.0}, "2": {"precision": 0.0, "recall": 0.0, "f1-score": 0.0, "support": 4.0}, "3": {"precision": 0.14285714285714285, "recall": 0.13333333333333333, "f1-score": 0.13793103448275862, "support": 15.0}, "4": {"precision": 0.0, "recall": 0.0, "f1-score": 0.0, "support": 14.0}, "5": {"precision": 0.0, "recall": 0.0, "f1-score": 0.0, "support": 31.0}, "6": {"precision": 0.037037037037037035, "recall": 0.029411764705882353, "f1-score": 0.03278688524590164, "support": 34.0}, "7": {"precision": 0.061224489795918366, "recall": 0.057692307692307696, "f1-score": 0.0594059405940594, "support": 52.0}, "8": {"precision": 0.10416666666666667, "recall": 0.08928571428571429, "f1-score": 0.09615384615384616, "support": 56.0}, "9": {"precision": 0.06666666666666667, "recall": 0.06153846153846154, "f1-score": 0.064, "support": 65.0}, "10": {"precision": 0.09210526315789473, "recall": 0.07368421052631578, "f1-score": 0.08187134502923976, "support": 95.0}, "11": {"precision": 0.05434782608695652, "recall": 0.058823529411764705, "f1-score": 0.05649717514124294, "support": 85.0}, "12": {"precision": 0.13131313131313133, "recall": 0.1262135922330097, "f1-score": 0.12871287128712872, "support": 103.0}, "13": {"precision": 0.07216494845360824, "recall": 0.07216494845360824, "f1-score": 0.07216494845360824, "support": 97.0}, "14": {"precision": 0.12727272727272726, "recall": 0.12844036697247707, "f1-score": 0.1278538812785388, "support": 109.0}, "15": {"precision": 0.07194244604316546, "recall": 0.12987012987012986, "f1-score": 0.09259259259259259, "support": 77.0}, "16": {"precision": 0.07246376811594203, "recall": 0.060240963855421686, "f1-score": 0.06578947368421052, "support": 83.0}, "17": {"precision": 0.047619047619047616, "recall": 0.05747126436781609, "f1-score": 0.052083333333333336, "support": 87.0}, "18": {"precision": 0.12658227848101267, "recall": 0.14492753623188406, "f1-score": 0.13513513513513514, "support": 69.0}, "19": {"precision": 0.1111111111111111, "recall": 0.125, "f1-score": 0.11764705882352941, "support": 56.0}, "20": {"precision": 0.06451612903225806, "recall": 0.047619047619047616, "f1-score": 0.0547945205479452, "support": 42.0}, "21": {"precision": 0.03333333333333333, "recall": 0.02564102564102564, "f1-score": 0.028985507246376812, "support": 39.0}, "22": {"precision": 0.05263157894736842, "recall": 0.05263157894736842, "f1-score": 0.05263157894736842, "support": 19.0}, "23": {"precision": 0.0, "recall": 0.0, "f1-score": 0.0, "support": 19.0}, "24": {"precision": 0.08333333333333333, "recall": 0.0625, "f1-score": 0.07142857142857142, "support": 16.0}, "25": {"precision": 0.0, "recall": 0.0, "f1-score": 0.0, "support": 5.0}, "26": {"precision": 0.0, "recall": 0.0, "f1-score": 0.0, "support": 3.0}, "accuracy": 0.08046875, "macro avg": {"precision": 0.057506997234234136, "recall": 0.056907028729095116, "f1-score": 0.056609840718718045, "support": 1280.0}, "weighted avg": {"precision": 0.07930963280112989, "recall": 0.08046875, "f1-score": 0.07906219353919339, "support": 1280.0}}