{"0": {"precision": 0.0, "recall": 0.0, "f1-score": 0.0, "support": 1.0}, "1": {"precision": 0.0, "recall": 0.0, "f1-score": 0.0, "support": 2.0}, "2": {"precision": 0.0, "recall": 0.0, "f1-score": 0.0, "support": 8.0}, "3": {"precision": 0.0, "recall": 0.0, "f1-score": 0.0, "support": 12.0}, "4": {"precision": 0.0, "recall": 0.0, "f1-score": 0.0, "support": 17.0}, "5": {"precision": 0.0, "recall": 0.0, "f1-score": 0.0, "support": 31.0}, "6": {"precision": 0.02564102564102564, "recall": 0.03571428571428571, "f1-score": 0.029850746268656716, "support": 28.0}, "7": {"precision": 0.17391304347826086, "recall": 0.17777777777777778, "f1-score": 0.17582417582417584, "support": 45.0}, "8": {"precision": 0.04838709677419355, "recall": 0.075, "f1-score": 0.058823529411764705, "support": 40.0}, "9": {"precision": 0.07462686567164178, "recall": 0.06944444444444445, "f1-score": 0.07194244604316546, "support": 72.0}, "10": {"precision": 0.08, "recall": 0.08108108108108109, "f1-score": 0.08053691275167785, "support": 74.0}, "11": {"precision": 0.0975609756097561, "recall": 0.0851063829787234, "f1-score": 0.09090909090909091, "support": 94.0}, "12": {"precision": 0.09473684210526316, "recall": 0.10843373493975904, "f1-score": 0.10112359550561797, "support": 83.0}, "13": {"precision": 0.11926605504587157, "recall": 0.125, "f1-score": 0.12206572769953052, "support": 104.0}, "14": {"precision": 0.09433962264150944, "recall": 0.09523809523809523, "f1-score": 0.0947867298578199, "support": 105.0}, "15": {"precision": 0.056179775280898875, "recall": 0.05747126436781609, "f1-score": 0.056818181818181816, "support": 87.0}, "16": {"precision": 0.11904761904761904, "recall": 0.11363636363636363, "f1-score": 0.11627906976744186, "support": 88.0}, "17": {"precision": 0.06756756756756757, "recall": 0.0641025641025641, "f1-score": 0.06578947368421052, "support": 78.0}, "18": {"precision": 0.06944444444444445, "recall": 0.0625, "f1-score": 0.06578947368421052, "support": 80.0}, "19": {"precision": 0.14285714285714285, "recall": 0.13559322033898305, "f1-score": 0.1391304347826087, "support": 59.0}, "20": {"precision": 0.045454545454545456, "recall": 0.037037037037037035, "f1-score": 0.04081632653061224, "support": 54.0}, "21": {"precision": 0.047619047619047616, "recall": 0.04878048780487805, "f1-score": 0.04819277108433735, "support": 41.0}, "22": {"precision": 0.0625, "recall": 0.06896551724137931, "f1-score": 0.06557377049180328, "support": 29.0}, "23": {"precision": 0.0, "recall": 0.0, "f1-score": 0.0, "support": 23.0}, "24": {"precision": 0.0, "recall": 0.0, "f1-score": 0.0, "support": 12.0}, "25": {"precision": 0.0, "recall": 0.0, "f1-score": 0.0, "support": 9.0}, "26": {"precision": 0.0, "recall": 0.0, "f1-score": 0.0, "support": 3.0}, "27": {"precision": 0.0, "recall": 0.0, "f1-score": 0.0, "support": 1.0}, "accuracy": 0.0796875, "macro avg": {"precision": 0.05068363104424243, "recall": 0.051460080596542425, "f1-score": 0.05086615914696093, "support": 1280.0}, "weighted avg": {"precision": 0.07965119387885297, "recall": 0.0796875, "f1-score": 0.07944327341751964, "support": 1280.0}}