{"0": {"precision": 0.0, "recall": 0.0, "f1-score": 0.0, "support": 0.0}, "1": {"precision": 0.06666666666666667, "recall": 0.2, "f1-score": 0.1, "support": 5.0}, "2": {"precision": 0.0, "recall": 0.0, "f1-score": 0.0, "support": 9.0}, "3": {"precision": 0.08, "recall": 0.125, "f1-score": 0.0975609756097561, "support": 16.0}, "4": {"precision": 0.0, "recall": 0.0, "f1-score": 0.0, "support": 21.0}, "5": {"precision": 0.05263157894736842, "recall": 0.03571428571428571, "f1-score": 0.0425531914893617, "support": 28.0}, "6": {"precision": 0.038461538461538464, "recall": 0.044444444444444446, "f1-score": 0.041237113402061855, "support": 45.0}, "7": {"precision": 0.02857142857142857, "recall": 0.023809523809523808, "f1-score": 0.025974025974025976, "support": 42.0}, "8": {"precision": 0.07936507936507936, "recall": 0.07936507936507936, "f1-score": 0.07936507936507936, "support": 63.0}, "9": {"precision": 0.05263157894736842, "recall": 0.047619047619047616, "f1-score": 0.05, "support": 63.0}, "10": {"precision": 0.04, "recall": 0.024096385542168676, "f1-score": 0.03007518796992481, "support": 83.0}, "11": {"precision": 0.11827956989247312, "recall": 0.14473684210526316, "f1-score": 0.1301775147928994, "support": 76.0}, "12": {"precision": 0.05172413793103448, "recall": 0.030927835051546393, "f1-score": 0.03870967741935484, "support": 97.0}, "13": {"precision": 0.09574468085106383, "recall": 0.09375, "f1-score": 0.09473684210526316, "support": 96.0}, "14": {"precision": 0.08536585365853659, "recall": 0.06862745098039216, "f1-score": 0.07608695652173914, "support": 102.0}, "15": {"precision": 0.061224489795918366, "recall": 0.06896551724137931, "f1-score": 0.06486486486486487, "support": 87.0}, "16": {"precision": 0.07563025210084033, "recall": 0.10714285714285714, "f1-score": 0.08866995073891626, "support": 84.0}, "17": {"precision": 0.06542056074766354, "recall": 0.0945945945945946, "f1-score": 0.07734806629834254, "support": 74.0}, "18": {"precision": 0.061224489795918366, "recall": 0.038461538461538464, "f1-score": 0.047244094488188976, "support": 78.0}, "19": {"precision": 0.09876543209876543, "recall": 0.12698412698412698, "f1-score": 0.1111111111111111, "support": 63.0}, "20": {"precision": 0.08333333333333333, "recall": 0.0425531914893617, "f1-score": 0.056338028169014086, "support": 47.0}, "21": {"precision": 0.06896551724137931, "recall": 0.05555555555555555, "f1-score": 0.06153846153846154, "support": 36.0}, "22": {"precision": 0.10344827586206896, "recall": 0.125, "f1-score": 0.11320754716981132, "support": 24.0}, "23": {"precision": 0.034482758620689655, "recall": 0.05555555555555555, "f1-score": 0.0425531914893617, "support": 18.0}, "24": {"precision": 0.0, "recall": 0.0, "f1-score": 0.0, "support": 16.0}, "25": {"precision": 0.0, "recall": 0.0, "f1-score": 0.0, "support": 7.0}, "26": {"precision": 0.0, "recall": 0.0, "f1-score": 0.0, "support": 0.0}, "accuracy": 0.06875, "macro avg": {"precision": 0.05340508232922723, "recall": 0.06047791969098965, "f1-score": 0.0544204400191681, "support": 1280.0}, "weighted avg": {"precision": 0.06764068019366334, "recall": 0.06875, "f1-score": 0.06655917727180065, "support": 1280.0}}