{"0": {"precision": 0.0, "recall": 0.0, "f1-score": 0.0, "support": 2.0}, "1": {"precision": 0.0, "recall": 0.0, "f1-score": 0.0, "support": 7.0}, "2": {"precision": 0.17647058823529413, "recall": 0.2727272727272727, "f1-score": 0.21428571428571427, "support": 11.0}, "3": {"precision": 0.07692307692307693, "recall": 0.18181818181818182, "f1-score": 0.10810810810810811, "support": 11.0}, "4": {"precision": 0.16666666666666666, "recall": 0.041666666666666664, "f1-score": 0.06666666666666667, "support": 24.0}, "5": {"precision": 0.18181818181818182, "recall": 0.07407407407407407, "f1-score": 0.10526315789473684, "support": 27.0}, "6": {"precision": 0.05, "recall": 0.03225806451612903, "f1-score": 0.0392156862745098, "support": 31.0}, "7": {"precision": 0.09210526315789473, "recall": 0.15555555555555556, "f1-score": 0.11570247933884298, "support": 45.0}, "8": {"precision": 0.03333333333333333, "recall": 0.017241379310344827, "f1-score": 0.022727272727272728, "support": 58.0}, "9": {"precision": 0.14473684210526316, "recall": 0.1774193548387097, "f1-score": 0.15942028985507245, "support": 62.0}, "10": {"precision": 0.14084507042253522, "recall": 0.10101010101010101, "f1-score": 0.11764705882352941, "support": 99.0}, "11": {"precision": 0.09615384615384616, "recall": 0.058823529411764705, "f1-score": 0.072992700729927, "support": 85.0}, "12": {"precision": 0.0782608695652174, "recall": 0.09183673469387756, "f1-score": 0.08450704225352113, "support": 98.0}, "13": {"precision": 0.06896551724137931, "recall": 0.06741573033707865, "f1-score": 0.06818181818181818, "support": 89.0}, "14": {"precision": 0.06896551724137931, "recall": 0.05660377358490566, "f1-score": 0.06217616580310881, "support": 106.0}, "15": {"precision": 0.0684931506849315, "recall": 0.1744186046511628, "f1-score": 0.09836065573770492, "support": 86.0}, "16": {"precision": 0.03508771929824561, "recall": 0.022988505747126436, "f1-score": 0.027777777777777776, "support": 87.0}, "17": {"precision": 0.1262135922330097, "recall": 0.1780821917808219, "f1-score": 0.14772727272727273, "support": 73.0}, "18": {"precision": 0.06521739130434782, "recall": 0.043478260869565216, "f1-score": 0.05217391304347826, "support": 69.0}, "19": {"precision": 0.08333333333333333, "recall": 0.09615384615384616, "f1-score": 0.08928571428571429, "support": 52.0}, "20": {"precision": 0.1, "recall": 0.09090909090909091, "f1-score": 0.09523809523809523, "support": 44.0}, "21": {"precision": 0.13636363636363635, "recall": 0.08823529411764706, "f1-score": 0.10714285714285714, "support": 34.0}, "22": {"precision": 0.05263157894736842, "recall": 0.038461538461538464, "f1-score": 0.044444444444444446, "support": 26.0}, "23": {"precision": 0.21428571428571427, "recall": 0.1111111111111111, "f1-score": 0.14634146341463414, "support": 27.0}, "24": {"precision": 0.125, "recall": 0.07142857142857142, "f1-score": 0.09090909090909091, "support": 14.0}, "25": {"precision": 0.09090909090909091, "recall": 0.1, "f1-score": 0.09523809523809523, "support": 10.0}, "26": {"precision": 0.0, "recall": 0.0, "f1-score": 0.0, "support": 2.0}, "27": {"precision": 0.0, "recall": 0.0, "f1-score": 0.0, "support": 1.0}, "accuracy": 0.08984375, "macro avg": {"precision": 0.08831357072227664, "recall": 0.08370419406339799, "f1-score": 0.07969762646078549, "support": 1280.0}, "weighted avg": {"precision": 0.0916971199798133, "recall": 0.08984375, "f1-score": 0.08552563015736185, "support": 1280.0}}