{"0": {"precision": 0.0, "recall": 0.0, "f1-score": 0.0, "support": 2.0}, "1": {"precision": 0.0, "recall": 0.0, "f1-score": 0.0, "support": 5.0}, "2": {"precision": 0.0, "recall": 0.0, "f1-score": 0.0, "support": 3.0}, "3": {"precision": 0.0, "recall": 0.0, "f1-score": 0.0, "support": 10.0}, "4": {"precision": 0.08333333333333333, "recall": 0.05263157894736842, "f1-score": 0.06451612903225806, "support": 19.0}, "5": {"precision": 0.0, "recall": 0.0, "f1-score": 0.0, "support": 33.0}, "6": {"precision": 0.1, "recall": 0.023809523809523808, "f1-score": 0.038461538461538464, "support": 42.0}, "7": {"precision": 0.08571428571428572, "recall": 0.125, "f1-score": 0.1016949152542373, "support": 48.0}, "8": {"precision": 0.11904761904761904, "recall": 0.09090909090909091, "f1-score": 0.10309278350515463, "support": 55.0}, "9": {"precision": 0.1111111111111111, "recall": 0.06349206349206349, "f1-score": 0.08080808080808081, "support": 63.0}, "10": {"precision": 0.09183673469387756, "recall": 0.09473684210526316, "f1-score": 0.09326424870466321, "support": 95.0}, "11": {"precision": 0.078125, "recall": 0.05319148936170213, "f1-score": 0.06329113924050633, "support": 94.0}, "12": {"precision": 0.08620689655172414, "recall": 0.09900990099009901, "f1-score": 0.09216589861751152, "support": 101.0}, "13": {"precision": 0.08823529411764706, "recall": 0.07407407407407407, "f1-score": 0.08053691275167785, "support": 81.0}, "14": {"precision": 0.06666666666666667, "recall": 0.09333333333333334, "f1-score": 0.07777777777777778, "support": 75.0}, "15": {"precision": 0.08370044052863436, "recall": 0.19, "f1-score": 0.1162079510703364, "support": 100.0}, "16": {"precision": 0.08333333333333333, "recall": 0.07692307692307693, "f1-score": 0.08, "support": 78.0}, "17": {"precision": 0.036585365853658534, "recall": 0.03529411764705882, "f1-score": 0.03592814371257485, "support": 85.0}, "18": {"precision": 0.09375, "recall": 0.03896103896103896, "f1-score": 0.05504587155963303, "support": 77.0}, "19": {"precision": 0.014925373134328358, "recall": 0.018518518518518517, "f1-score": 0.01652892561983471, "support": 54.0}, "20": {"precision": 0.04411764705882353, "recall": 0.06521739130434782, "f1-score": 0.05263157894736842, "support": 46.0}, "21": {"precision": 0.07142857142857142, "recall": 0.047619047619047616, "f1-score": 0.05714285714285714, "support": 42.0}, "22": {"precision": 0.0, "recall": 0.0, "f1-score": 0.0, "support": 28.0}, "23": {"precision": 0.0, "recall": 0.0, "f1-score": 0.0, "support": 21.0}, "24": {"precision": 0.0, "recall": 0.0, "f1-score": 0.0, "support": 10.0}, "25": {"precision": 0.0, "recall": 0.0, "f1-score": 0.0, "support": 6.0}, "26": {"precision": 0.0, "recall": 0.0, "f1-score": 0.0, "support": 1.0}, "27": {"precision": 0.0, "recall": 0.0, "f1-score": 0.0, "support": 6.0}, "accuracy": 0.07109375, "macro avg": {"precision": 0.047789916877629075, "recall": 0.04438289599984312, "f1-score": 0.04318195543592894, "support": 1280.0}, "weighted avg": {"precision": 0.07140731666468285, "recall": 0.07109375, "f1-score": 0.06705112732248146, "support": 1280.0}}