{"0": {"precision": 0.0, "recall": 0.0, "f1-score": 0.0, "support": 1.0}, "1": {"precision": 0.0, "recall": 0.0, "f1-score": 0.0, "support": 3.0}, "2": {"precision": 0.0, "recall": 0.0, "f1-score": 0.0, "support": 4.0}, "3": {"precision": 0.0, "recall": 0.0, "f1-score": 0.0, "support": 14.0}, "4": {"precision": 0.1, "recall": 0.08, "f1-score": 0.08888888888888889, "support": 25.0}, "5": {"precision": 0.06896551724137931, "recall": 0.07692307692307693, "f1-score": 0.07272727272727272, "support": 26.0}, "6": {"precision": 0.08108108108108109, "recall": 0.0967741935483871, "f1-score": 0.08823529411764706, "support": 31.0}, "7": {"precision": 0.06153846153846154, "recall": 0.0851063829787234, "f1-score": 0.07142857142857142, "support": 47.0}, "8": {"precision": 0.046511627906976744, "recall": 0.03636363636363636, "f1-score": 0.04081632653061224, "support": 55.0}, "9": {"precision": 0.0875, "recall": 0.11864406779661017, "f1-score": 0.10071942446043165, "support": 59.0}, "10": {"precision": 0.054945054945054944, "recall": 0.06493506493506493, "f1-score": 0.05952380952380952, "support": 77.0}, "11": {"precision": 0.11224489795918367, "recall": 0.13414634146341464, "f1-score": 0.12222222222222222, "support": 82.0}, "12": {"precision": 0.05555555555555555, "recall": 0.05128205128205128, "f1-score": 0.05333333333333334, "support": 78.0}, "13": {"precision": 0.10909090909090909, "recall": 0.12903225806451613, "f1-score": 0.11822660098522167, "support": 93.0}, "14": {"precision": 0.0379746835443038, "recall": 0.03296703296703297, "f1-score": 0.03529411764705882, "support": 91.0}, "15": {"precision": 0.11, "recall": 0.1, "f1-score": 0.10476190476190476, "support": 110.0}, "16": {"precision": 0.07865168539325842, "recall": 0.07446808510638298, "f1-score": 0.07650273224043716, "support": 94.0}, "17": {"precision": 0.08571428571428572, "recall": 0.075, "f1-score": 0.08, "support": 80.0}, "18": {"precision": 0.043478260869565216, "recall": 0.025974025974025976, "f1-score": 0.032520325203252036, "support": 77.0}, "19": {"precision": 0.0547945205479452, "recall": 0.0625, "f1-score": 0.058394160583941604, "support": 64.0}, "20": {"precision": 0.09803921568627451, "recall": 0.09803921568627451, "f1-score": 0.09803921568627451, "support": 51.0}, "21": {"precision": 0.043478260869565216, "recall": 0.05555555555555555, "f1-score": 0.04878048780487805, "support": 36.0}, "22": {"precision": 0.03333333333333333, "recall": 0.030303030303030304, "f1-score": 0.031746031746031744, "support": 33.0}, "23": {"precision": 0.041666666666666664, "recall": 0.038461538461538464, "f1-score": 0.04, "support": 26.0}, "24": {"precision": 0.0, "recall": 0.0, "f1-score": 0.0, "support": 10.0}, "25": {"precision": 0.0, "recall": 0.0, "f1-score": 0.0, "support": 8.0}, "26": {"precision": 0.0, "recall": 0.0, "f1-score": 0.0, "support": 4.0}, "27": {"precision": 0.0, "recall": 0.0, "f1-score": 0.0, "support": 1.0}, "accuracy": 0.0734375, "macro avg": {"precision": 0.05016300064085, "recall": 0.05237412705033291, "f1-score": 0.05079145428184963, "support": 1280.0}, "weighted avg": {"precision": 0.07089259886288628, "recall": 0.0734375, "f1-score": 0.07153545369090768, "support": 1280.0}}