{"0": {"precision": 0.0, "recall": 0.0, "f1-score": 0.0, "support": 1.0}, "1": {"precision": 0.0, "recall": 0.0, "f1-score": 0.0, "support": 2.0}, "2": {"precision": 0.0, "recall": 0.0, "f1-score": 0.0, "support": 7.0}, "3": {"precision": 0.14285714285714285, "recall": 0.05263157894736842, "f1-score": 0.07692307692307693, "support": 19.0}, "4": {"precision": 0.1, "recall": 0.05, "f1-score": 0.06666666666666667, "support": 20.0}, "5": {"precision": 0.09090909090909091, "recall": 0.05, "f1-score": 0.06451612903225806, "support": 20.0}, "6": {"precision": 0.0, "recall": 0.0, "f1-score": 0.0, "support": 39.0}, "7": {"precision": 0.05063291139240506, "recall": 0.09523809523809523, "f1-score": 0.06611570247933884, "support": 42.0}, "8": {"precision": 0.057692307692307696, "recall": 0.047619047619047616, "f1-score": 0.05217391304347826, "support": 63.0}, "9": {"precision": 0.05555555555555555, "recall": 0.06944444444444445, "f1-score": 0.06172839506172839, "support": 72.0}, "10": {"precision": 0.08411214953271028, "recall": 0.09782608695652174, "f1-score": 0.09045226130653267, "support": 92.0}, "11": {"precision": 0.06666666666666667, "recall": 0.06756756756756757, "f1-score": 0.06711409395973154, "support": 74.0}, "12": {"precision": 0.05263157894736842, "recall": 0.047619047619047616, "f1-score": 0.05, "support": 105.0}, "13": {"precision": 0.0603448275862069, "recall": 0.08641975308641975, "f1-score": 0.07106598984771574, "support": 81.0}, "14": {"precision": 0.08536585365853659, "recall": 0.07954545454545454, "f1-score": 0.08235294117647059, "support": 88.0}, "15": {"precision": 0.05357142857142857, "recall": 0.06451612903225806, "f1-score": 0.05853658536585366, "support": 93.0}, "16": {"precision": 0.06666666666666667, "recall": 0.06451612903225806, "f1-score": 0.06557377049180328, "support": 93.0}, "17": {"precision": 0.05128205128205128, "recall": 0.05194805194805195, "f1-score": 0.05161290322580645, "support": 77.0}, "18": {"precision": 0.05084745762711865, "recall": 0.05172413793103448, "f1-score": 0.05128205128205128, "support": 58.0}, "19": {"precision": 0.06060606060606061, "recall": 0.0625, "f1-score": 0.06153846153846154, "support": 64.0}, "20": {"precision": 0.125, "recall": 0.057692307692307696, "f1-score": 0.07894736842105263, "support": 52.0}, "21": {"precision": 0.10526315789473684, "recall": 0.09523809523809523, "f1-score": 0.1, "support": 42.0}, "22": {"precision": 0.06896551724137931, "recall": 0.08333333333333333, "f1-score": 0.07547169811320754, "support": 24.0}, "23": {"precision": 0.0, "recall": 0.0, "f1-score": 0.0, "support": 19.0}, "24": {"precision": 0.1111111111111111, "recall": 0.06666666666666667, "f1-score": 0.08333333333333333, "support": 15.0}, "25": {"precision": 0.0, "recall": 0.0, "f1-score": 0.0, "support": 13.0}, "26": {"precision": 0.0, "recall": 0.0, "f1-score": 0.0, "support": 4.0}, "27": {"precision": 0.0, "recall": 0.0, "f1-score": 0.0, "support": 1.0}, "accuracy": 0.06328125, "macro avg": {"precision": 0.055002911992805145, "recall": 0.04793021167492759, "f1-score": 0.04912161933102026, "support": 1280.0}, "weighted avg": {"precision": 0.06491675872724575, "recall": 0.06328125, "f1-score": 0.06244591477252322, "support": 1280.0}}