{"0": {"precision": 0.0, "recall": 0.0, "f1-score": 0.0, "support": 0.0}, "1": {"precision": 0.0, "recall": 0.0, "f1-score": 0.0, "support": 4.0}, "2": {"precision": 0.0, "recall": 0.0, "f1-score": 0.0, "support": 6.0}, "3": {"precision": 0.0, "recall": 0.0, "f1-score": 0.0, "support": 9.0}, "4": {"precision": 0.05, "recall": 0.043478260869565216, "f1-score": 0.046511627906976744, "support": 23.0}, "5": {"precision": 0.0, "recall": 0.0, "f1-score": 0.0, "support": 20.0}, "6": {"precision": 0.02857142857142857, "recall": 0.027777777777777776, "f1-score": 0.028169014084507043, "support": 36.0}, "7": {"precision": 0.08333333333333333, "recall": 0.043478260869565216, "f1-score": 0.05714285714285714, "support": 46.0}, "8": {"precision": 0.05405405405405406, "recall": 0.03508771929824561, "f1-score": 0.0425531914893617, "support": 57.0}, "9": {"precision": 0.0684931506849315, "recall": 0.08064516129032258, "f1-score": 0.07407407407407407, "support": 62.0}, "10": {"precision": 0.030303030303030304, "recall": 0.022222222222222223, "f1-score": 0.02564102564102564, "support": 90.0}, "11": {"precision": 0.09259259259259259, "recall": 0.08771929824561403, "f1-score": 0.09009009009009009, "support": 114.0}, "12": {"precision": 0.11363636363636363, "recall": 0.11904761904761904, "f1-score": 0.11627906976744186, "support": 84.0}, "13": {"precision": 0.102803738317757, "recall": 0.11224489795918367, "f1-score": 0.1073170731707317, "support": 98.0}, "14": {"precision": 0.08108108108108109, "recall": 0.06666666666666667, "f1-score": 0.07317073170731707, "support": 90.0}, "15": {"precision": 0.07303370786516854, "recall": 0.14606741573033707, "f1-score": 0.09737827715355805, "support": 89.0}, "16": {"precision": 0.08695652173913043, "recall": 0.0963855421686747, "f1-score": 0.09142857142857143, "support": 83.0}, "17": {"precision": 0.05357142857142857, "recall": 0.03333333333333333, "f1-score": 0.0410958904109589, "support": 90.0}, "18": {"precision": 0.09722222222222222, "recall": 0.09333333333333334, "f1-score": 0.09523809523809523, "support": 75.0}, "19": {"precision": 0.08823529411764706, "recall": 0.0967741935483871, "f1-score": 0.09230769230769231, "support": 62.0}, "20": {"precision": 0.022727272727272728, "recall": 0.019230769230769232, "f1-score": 0.020833333333333332, "support": 52.0}, "21": {"precision": 0.02702702702702703, "recall": 0.034482758620689655, "f1-score": 0.030303030303030304, "support": 29.0}, "22": {"precision": 0.047619047619047616, "recall": 0.05263157894736842, "f1-score": 0.05, "support": 19.0}, "23": {"precision": 0.058823529411764705, "recall": 0.05, "f1-score": 0.05405405405405406, "support": 20.0}, "24": {"precision": 0.1, "recall": 0.1111111111111111, "f1-score": 0.10526315789473684, "support": 9.0}, "25": {"precision": 0.0, "recall": 0.0, "f1-score": 0.0, "support": 10.0}, "26": {"precision": 0.0, "recall": 0.0, "f1-score": 0.0, "support": 2.0}, "27": {"precision": 0.0, "recall": 0.0, "f1-score": 0.0, "support": 1.0}, "accuracy": 0.071875, "macro avg": {"precision": 0.04857445799554576, "recall": 0.04898992572395665, "f1-score": 0.04781610204280048, "support": 1280.0}, "weighted avg": {"precision": 0.07014673195508458, "recall": 0.071875, "f1-score": 0.06948340965639974, "support": 1280.0}}