{"0": {"precision": 0.0, "recall": 0.0, "f1-score": 0.0, "support": 2.0}, "1": {"precision": 0.0, "recall": 0.0, "f1-score": 0.0, "support": 3.0}, "2": {"precision": 0.0, "recall": 0.0, "f1-score": 0.0, "support": 7.0}, "3": {"precision": 0.0, "recall": 0.0, "f1-score": 0.0, "support": 14.0}, "4": {"precision": 0.07692307692307693, "recall": 0.034482758620689655, "f1-score": 0.047619047619047616, "support": 29.0}, "5": {"precision": 0.14814814814814814, "recall": 0.15384615384615385, "f1-score": 0.1509433962264151, "support": 26.0}, "6": {"precision": 0.1, "recall": 0.07692307692307693, "f1-score": 0.08695652173913043, "support": 39.0}, "7": {"precision": 0.10606060606060606, "recall": 0.1346153846153846, "f1-score": 0.11864406779661017, "support": 52.0}, "8": {"precision": 0.03508771929824561, "recall": 0.038461538461538464, "f1-score": 0.03669724770642202, "support": 52.0}, "9": {"precision": 0.09230769230769231, "recall": 0.07407407407407407, "f1-score": 0.0821917808219178, "support": 81.0}, "10": {"precision": 0.10256410256410256, "recall": 0.1, "f1-score": 0.10126582278481013, "support": 80.0}, "11": {"precision": 0.1, "recall": 0.0975609756097561, "f1-score": 0.09876543209876543, "support": 82.0}, "12": {"precision": 0.07291666666666667, "recall": 0.08641975308641975, "f1-score": 0.07909604519774012, "support": 81.0}, "13": {"precision": 0.0375, "recall": 0.034482758620689655, "f1-score": 0.03592814371257485, "support": 87.0}, "14": {"precision": 0.08695652173913043, "recall": 0.0784313725490196, "f1-score": 0.08247422680412371, "support": 102.0}, "15": {"precision": 0.04504504504504504, "recall": 0.05154639175257732, "f1-score": 0.04807692307692308, "support": 97.0}, "16": {"precision": 0.09649122807017543, "recall": 0.11458333333333333, "f1-score": 0.10476190476190476, "support": 96.0}, "17": {"precision": 0.1511627906976744, "recall": 0.14772727272727273, "f1-score": 0.14942528735632185, "support": 88.0}, "18": {"precision": 0.045454545454545456, "recall": 0.03278688524590164, "f1-score": 0.0380952380952381, "support": 61.0}, "19": {"precision": 0.04477611940298507, "recall": 0.058823529411764705, "f1-score": 0.05084745762711865, "support": 51.0}, "20": {"precision": 0.037037037037037035, "recall": 0.05128205128205128, "f1-score": 0.043010752688172046, "support": 39.0}, "21": {"precision": 0.08571428571428572, "recall": 0.11538461538461539, "f1-score": 0.09836065573770492, "support": 26.0}, "22": {"precision": 0.07142857142857142, "recall": 0.09523809523809523, "f1-score": 0.08163265306122448, "support": 21.0}, "23": {"precision": 0.0, "recall": 0.0, "f1-score": 0.0, "support": 30.0}, "24": {"precision": 0.0, "recall": 0.0, "f1-score": 0.0, "support": 20.0}, "25": {"precision": 0.16666666666666666, "recall": 0.2857142857142857, "f1-score": 0.21052631578947367, "support": 7.0}, "26": {"precision": 0.0, "recall": 0.0, "f1-score": 0.0, "support": 5.0}, "27": {"precision": 0.0, "recall": 0.0, "f1-score": 0.0, "support": 2.0}, "accuracy": 0.078125, "macro avg": {"precision": 0.06079431511516625, "recall": 0.066513725232025, "f1-score": 0.0623328185964871, "support": 1280.0}, "weighted avg": {"precision": 0.07622933222514654, "recall": 0.078125, "f1-score": 0.0763959563366389, "support": 1280.0}}