{"0": {"precision": 0.0, "recall": 0.0, "f1-score": 0.0, "support": 2.0}, "1": {"precision": 0.0, "recall": 0.0, "f1-score": 0.0, "support": 4.0}, "2": {"precision": 0.16666666666666666, "recall": 0.1, "f1-score": 0.125, "support": 10.0}, "3": {"precision": 0.0, "recall": 0.0, "f1-score": 0.0, "support": 12.0}, "4": {"precision": 0.0, "recall": 0.0, "f1-score": 0.0, "support": 15.0}, "5": {"precision": 0.0, "recall": 0.0, "f1-score": 0.0, "support": 25.0}, "6": {"precision": 0.06976744186046512, "recall": 0.061224489795918366, "f1-score": 0.06521739130434782, "support": 49.0}, "7": {"precision": 0.041666666666666664, "recall": 0.047619047619047616, "f1-score": 0.044444444444444446, "support": 42.0}, "8": {"precision": 0.0625, "recall": 0.05263157894736842, "f1-score": 0.05714285714285714, "support": 57.0}, "9": {"precision": 0.0875, "recall": 0.08536585365853659, "f1-score": 0.08641975308641975, "support": 82.0}, "10": {"precision": 0.06060606060606061, "recall": 0.05128205128205128, "f1-score": 0.05555555555555555, "support": 78.0}, "11": {"precision": 0.05154639175257732, "recall": 0.05747126436781609, "f1-score": 0.05434782608695652, "support": 87.0}, "12": {"precision": 0.08536585365853659, "recall": 0.07692307692307693, "f1-score": 0.08092485549132948, "support": 91.0}, "13": {"precision": 0.09803921568627451, "recall": 0.09090909090909091, "f1-score": 0.09433962264150944, "support": 110.0}, "14": {"precision": 0.05319148936170213, "recall": 0.06172839506172839, "f1-score": 0.05714285714285714, "support": 81.0}, "15": {"precision": 0.07058823529411765, "recall": 0.0625, "f1-score": 0.06629834254143646, "support": 96.0}, "16": {"precision": 0.10989010989010989, "recall": 0.10309278350515463, "f1-score": 0.10638297872340426, "support": 97.0}, "17": {"precision": 0.10309278350515463, "recall": 0.11764705882352941, "f1-score": 0.10989010989010989, "support": 85.0}, "18": {"precision": 0.07936507936507936, "recall": 0.08196721311475409, "f1-score": 0.08064516129032258, "support": 61.0}, "19": {"precision": 0.07142857142857142, "recall": 0.07142857142857142, "f1-score": 0.07142857142857142, "support": 56.0}, "20": {"precision": 0.04, "recall": 0.044444444444444446, "f1-score": 0.042105263157894736, "support": 45.0}, "21": {"precision": 0.045454545454545456, "recall": 0.05714285714285714, "f1-score": 0.05063291139240506, "support": 35.0}, "22": {"precision": 0.030303030303030304, "recall": 0.0625, "f1-score": 0.04081632653061224, "support": 16.0}, "23": {"precision": 0.041666666666666664, "recall": 0.05555555555555555, "f1-score": 0.047619047619047616, "support": 18.0}, "24": {"precision": 0.07142857142857142, "recall": 0.08333333333333333, "f1-score": 0.07692307692307693, "support": 12.0}, "25": {"precision": 0.0, "recall": 0.0, "f1-score": 0.0, "support": 9.0}, "26": {"precision": 0.0, "recall": 0.0, "f1-score": 0.0, "support": 4.0}, "27": {"precision": 0.0, "recall": 0.0, "f1-score": 0.0, "support": 1.0}, "accuracy": 0.06953125, "macro avg": {"precision": 0.051430977842671304, "recall": 0.05088452378260123, "f1-score": 0.05047417687118423, "support": 1280.0}, "weighted avg": {"precision": 0.0704441916359185, "recall": 0.06953125, "f1-score": 0.06963401653720479, "support": 1280.0}}