{"0": {"precision": 0.0, "recall": 0.0, "f1-score": 0.0, "support": 1.0}, "1": {"precision": 0.0, "recall": 0.0, "f1-score": 0.0, "support": 3.0}, "2": {"precision": 0.0, "recall": 0.0, "f1-score": 0.0, "support": 10.0}, "3": {"precision": 0.09090909090909091, "recall": 0.1, "f1-score": 0.09523809523809523, "support": 10.0}, "4": {"precision": 0.0625, "recall": 0.047619047619047616, "f1-score": 0.05405405405405406, "support": 21.0}, "5": {"precision": 0.0, "recall": 0.0, "f1-score": 0.0, "support": 25.0}, "6": {"precision": 0.058823529411764705, "recall": 0.047619047619047616, "f1-score": 0.05263157894736842, "support": 42.0}, "7": {"precision": 0.07692307692307693, "recall": 0.12195121951219512, "f1-score": 0.09433962264150944, "support": 41.0}, "8": {"precision": 0.0, "recall": 0.0, "f1-score": 0.0, "support": 58.0}, "9": {"precision": 0.07692307692307693, "recall": 0.0958904109589041, "f1-score": 0.08536585365853659, "support": 73.0}, "10": {"precision": 0.07792207792207792, "recall": 0.061855670103092786, "f1-score": 0.06896551724137931, "support": 97.0}, "11": {"precision": 0.05434782608695652, "recall": 0.05434782608695652, "f1-score": 0.05434782608695652, "support": 92.0}, "12": {"precision": 0.019417475728155338, "recall": 0.024390243902439025, "f1-score": 0.021621621621621623, "support": 82.0}, "13": {"precision": 0.08256880733944955, "recall": 0.09, "f1-score": 0.0861244019138756, "support": 100.0}, "14": {"precision": 0.13253012048192772, "recall": 0.12941176470588237, "f1-score": 0.13095238095238096, "support": 85.0}, "15": {"precision": 0.12612612612612611, "recall": 0.12612612612612611, "f1-score": 0.12612612612612611, "support": 111.0}, "16": {"precision": 0.1111111111111111, "recall": 0.10843373493975904, "f1-score": 0.10975609756097561, "support": 83.0}, "17": {"precision": 0.075, "recall": 0.07792207792207792, "f1-score": 0.07643312101910828, "support": 77.0}, "18": {"precision": 0.09090909090909091, "recall": 0.08955223880597014, "f1-score": 0.09022556390977443, "support": 67.0}, "19": {"precision": 0.0, "recall": 0.0, "f1-score": 0.0, "support": 45.0}, "20": {"precision": 0.12, "recall": 0.14285714285714285, "f1-score": 0.13043478260869565, "support": 42.0}, "21": {"precision": 0.027777777777777776, "recall": 0.027777777777777776, "f1-score": 0.027777777777777776, "support": 36.0}, "22": {"precision": 0.0, "recall": 0.0, "f1-score": 0.0, "support": 37.0}, "23": {"precision": 0.047619047619047616, "recall": 0.041666666666666664, "f1-score": 0.044444444444444446, "support": 24.0}, "24": {"precision": 0.0, "recall": 0.0, "f1-score": 0.0, "support": 9.0}, "25": {"precision": 0.0, "recall": 0.0, "f1-score": 0.0, "support": 7.0}, "26": {"precision": 0.0, "recall": 0.0, "f1-score": 0.0, "support": 2.0}, "accuracy": 0.071875, "macro avg": {"precision": 0.04931141612106407, "recall": 0.05138596280011428, "f1-score": 0.04995699502972889, "support": 1280.0}, "weighted avg": {"precision": 0.06984766711926824, "recall": 0.071875, "f1-score": 0.07046003257861437, "support": 1280.0}}